slug	source	base_url
BirdNET-Pi_nm_flowchart.alpha	iberia	https://raw.githubusercontent.com/RoqueAlonso/AvianVisitors/iberia-illustrations/avian/assets/illustrations
PREVIEW	iberia	https://raw.githubusercontent.com/RoqueAlonso/AvianVisitors/iberia-illustrations/avian/assets/illustrations
acanthagenys-rufogularis	canberra-act	https://raw.githubusercontent.com/opurtell/AvianVisitorsACT/main/avian/assets/illustrations
acanthiza-apicalis	canberra-act	https://raw.githubusercontent.com/opurtell/AvianVisitorsACT/main/avian/assets/illustrations
acanthiza-chrysorrhoa	canberra-act	https://raw.githubusercontent.com/opurtell/AvianVisitorsACT/main/avian/assets/illustrations
acanthiza-lineata	canberra-act	https://raw.githubusercontent.com/opurtell/AvianVisitorsACT/main/avian/assets/illustrations
acanthiza-nana	canberra-act	https://raw.githubusercontent.com/opurtell/AvianVisitorsACT/main/avian/assets/illustrations
acanthiza-pusilla	canberra-act	https://raw.githubusercontent.com/opurtell/AvianVisitorsACT/main/avian/assets/illustrations
acanthiza-reguloides	canberra-act	https://raw.githubusercontent.com/opurtell/AvianVisitorsACT/main/avian/assets/illustrations
acanthiza-uropygialis	canberra-act	https://raw.githubusercontent.com/opurtell/AvianVisitorsACT/main/avian/assets/illustrations
acanthorhynchus-tenuirostris	canberra-act	https://raw.githubusercontent.com/opurtell/AvianVisitorsACT/main/avian/assets/illustrations
accipiter-cirrocephalus	canberra-act	https://raw.githubusercontent.com/opurtell/AvianVisitorsACT/main/avian/assets/illustrations
accipiter-fasciatus	canberra-act	https://raw.githubusercontent.com/opurtell/AvianVisitorsACT/main/avian/assets/illustrations
accipiter-nisus	iberia	https://raw.githubusercontent.com/RoqueAlonso/AvianVisitors/iberia-illustrations/avian/assets/illustrations
accipiter-novaehollandiae	canberra-act	https://raw.githubusercontent.com/opurtell/AvianVisitorsACT/main/avian/assets/illustrations
acridotheres-cristatellus	iberia	https://raw.githubusercontent.com/RoqueAlonso/AvianVisitors/iberia-illustrations/avian/assets/illustrations
acridotheres-tristis	iberia	https://raw.githubusercontent.com/RoqueAlonso/AvianVisitors/iberia-illustrations/avian/assets/illustrations
acrocephalus-agricola	iberia	https://raw.githubusercontent.com/RoqueAlonso/AvianVisitors/iberia-illustrations/avian/assets/illustrations
acrocephalus-arundinaceus	iberia	https://raw.githubusercontent.com/RoqueAlonso/AvianVisitors/iberia-illustrations/avian/assets/illustrations
acrocephalus-australis	canberra-act	https://raw.githubusercontent.com/opurtell/AvianVisitorsACT/main/avian/assets/illustrations
acrocephalus-dumetorum	iberia	https://raw.githubusercontent.com/RoqueAlonso/AvianVisitors/iberia-illustrations/avian/assets/illustrations
acrocephalus-melanopogon	iberia	https://raw.githubusercontent.com/RoqueAlonso/AvianVisitors/iberia-illustrations/avian/assets/illustrations
acrocephalus-paludicola	iberia	https://raw.githubusercontent.com/RoqueAlonso/AvianVisitors/iberia-illustrations/avian/assets/illustrations
acrocephalus-palustris	iberia	https://raw.githubusercontent.com/RoqueAlonso/AvianVisitors/iberia-illustrations/avian/assets/illustrations
acrocephalus-schoenobaenus	iberia	https://raw.githubusercontent.com/RoqueAlonso/AvianVisitors/iberia-illustrations/avian/assets/illustrations
acrocephalus-scirpaceus	iberia	https://raw.githubusercontent.com/RoqueAlonso/AvianVisitors/iberia-illustrations/avian/assets/illustrations
actitis-hypoleucos	iberia	https://raw.githubusercontent.com/RoqueAlonso/AvianVisitors/iberia-illustrations/avian/assets/illustrations
actophilornis-africanus	iberia	https://raw.githubusercontent.com/RoqueAlonso/AvianVisitors/iberia-illustrations/avian/assets/illustrations
aegithalos-caudatus	iberia	https://raw.githubusercontent.com/RoqueAlonso/AvianVisitors/iberia-illustrations/avian/assets/illustrations
aegolius-funereus	iberia	https://raw.githubusercontent.com/RoqueAlonso/AvianVisitors/iberia-illustrations/avian/assets/illustrations
aegotheles-cristatus	canberra-act	https://raw.githubusercontent.com/opurtell/AvianVisitorsACT/main/avian/assets/illustrations
aegypius-monachus	iberia	https://raw.githubusercontent.com/RoqueAlonso/AvianVisitors/iberia-illustrations/avian/assets/illustrations
agapornis-fischeri	iberia	https://raw.githubusercontent.com/RoqueAlonso/AvianVisitors/iberia-illustrations/avian/assets/illustrations
agapornis-personatus	iberia	https://raw.githubusercontent.com/RoqueAlonso/AvianVisitors/iberia-illustrations/avian/assets/illustrations
agapornis-roseicollis	iberia	https://raw.githubusercontent.com/RoqueAlonso/AvianVisitors/iberia-illustrations/avian/assets/illustrations
aix-galericulata	iberia	https://raw.githubusercontent.com/RoqueAlonso/AvianVisitors/iberia-illustrations/avian/assets/illustrations
alaemon-alaudipes	iberia	https://raw.githubusercontent.com/RoqueAlonso/AvianVisitors/iberia-illustrations/avian/assets/illustrations
alauda-arvensis	iberia	https://raw.githubusercontent.com/RoqueAlonso/AvianVisitors/iberia-illustrations/avian/assets/illustrations
alaudala-rufescens	iberia	https://raw.githubusercontent.com/RoqueAlonso/AvianVisitors/iberia-illustrations/avian/assets/illustrations
alca-torda	iberia	https://raw.githubusercontent.com/RoqueAlonso/AvianVisitors/iberia-illustrations/avian/assets/illustrations
alcedo-atthis	iberia	https://raw.githubusercontent.com/RoqueAlonso/AvianVisitors/iberia-illustrations/avian/assets/illustrations
alectoris-barbara	iberia	https://raw.githubusercontent.com/RoqueAlonso/AvianVisitors/iberia-illustrations/avian/assets/illustrations
alectoris-chukar	iberia	https://raw.githubusercontent.com/RoqueAlonso/AvianVisitors/iberia-illustrations/avian/assets/illustrations
alectoris-graeca	switzerland	https://raw.githubusercontent.com/theskyisthelimit/AvianVisitors/europe-illustrations/avian/assets/illustrations
alectoris-rufa	iberia	https://raw.githubusercontent.com/RoqueAlonso/AvianVisitors/iberia-illustrations/avian/assets/illustrations
alipiopsitta-xanthops	gb-eng	https://raw.githubusercontent.com/lloydalexporter/AvianAssets_GB-ENG/main/illustrations
alisterus-scapularis	canberra-act	https://raw.githubusercontent.com/opurtell/AvianVisitorsACT/main/avian/assets/illustrations
alopochen-aegyptiaca	iberia	https://raw.githubusercontent.com/RoqueAlonso/AvianVisitors/iberia-illustrations/avian/assets/illustrations
amandava-amandava	iberia	https://raw.githubusercontent.com/RoqueAlonso/AvianVisitors/iberia-illustrations/avian/assets/illustrations
amazilia-yucatanensis	florida	https://raw.githubusercontent.com/SupraBitKid/AvianVisitors/avian-visitors/avian/assets/illustrations
amazona-aestiva	iberia	https://raw.githubusercontent.com/RoqueAlonso/AvianVisitors/iberia-illustrations/avian/assets/illustrations
amazona-albifrons	florida	https://raw.githubusercontent.com/SupraBitKid/AvianVisitors/avian-visitors/avian/assets/illustrations
amazona-amazonica	iberia	https://raw.githubusercontent.com/RoqueAlonso/AvianVisitors/iberia-illustrations/avian/assets/illustrations
amazona-auropalliata	florida	https://raw.githubusercontent.com/SupraBitKid/AvianVisitors/avian-visitors/avian/assets/illustrations
amazona-autumnalis	iberia	https://raw.githubusercontent.com/RoqueAlonso/AvianVisitors/iberia-illustrations/avian/assets/illustrations
amazona-farinosa	iberia	https://raw.githubusercontent.com/RoqueAlonso/AvianVisitors/iberia-illustrations/avian/assets/illustrations
amazona-finschi	florida	https://raw.githubusercontent.com/SupraBitKid/AvianVisitors/avian-visitors/avian/assets/illustrations
amazona-ochrocephala	iberia	https://raw.githubusercontent.com/RoqueAlonso/AvianVisitors/iberia-illustrations/avian/assets/illustrations
amazona-oratrix	iberia	https://raw.githubusercontent.com/RoqueAlonso/AvianVisitors/iberia-illustrations/avian/assets/illustrations
amazona-ventralis	florida	https://raw.githubusercontent.com/SupraBitKid/AvianVisitors/avian-visitors/avian/assets/illustrations
amazona-viridigenalis	gb-eng	https://raw.githubusercontent.com/lloydalexporter/AvianAssets_GB-ENG/main/illustrations
amazonetta-brasiliensis	iberia	https://raw.githubusercontent.com/RoqueAlonso/AvianVisitors/iberia-illustrations/avian/assets/illustrations
amblyramphus-holosericeus	gb-eng	https://raw.githubusercontent.com/lloydalexporter/AvianAssets_GB-ENG/main/illustrations
ammomanes-cinctura	iberia	https://raw.githubusercontent.com/RoqueAlonso/AvianVisitors/iberia-illustrations/avian/assets/illustrations
ammospiza-caudacuta	florida	https://raw.githubusercontent.com/SupraBitKid/AvianVisitors/avian-visitors/avian/assets/illustrations
ammospiza-leconteii	florida	https://raw.githubusercontent.com/SupraBitKid/AvianVisitors/avian-visitors/avian/assets/illustrations
ammospiza-maritima	florida	https://raw.githubusercontent.com/SupraBitKid/AvianVisitors/avian-visitors/avian/assets/illustrations
ammospiza-nelsoni	florida	https://raw.githubusercontent.com/SupraBitKid/AvianVisitors/avian-visitors/avian/assets/illustrations
anas-castanea	iberia	https://raw.githubusercontent.com/RoqueAlonso/AvianVisitors/iberia-illustrations/avian/assets/illustrations
anas-flavirostris	iberia	https://raw.githubusercontent.com/RoqueAlonso/AvianVisitors/iberia-illustrations/avian/assets/illustrations
anas-fulvigula	florida	https://raw.githubusercontent.com/SupraBitKid/AvianVisitors/avian-visitors/avian/assets/illustrations
anas-georgica	iberia	https://raw.githubusercontent.com/RoqueAlonso/AvianVisitors/iberia-illustrations/avian/assets/illustrations
anas-gracilis	canberra-act	https://raw.githubusercontent.com/opurtell/AvianVisitorsACT/main/avian/assets/illustrations
anas-poecilorhyncha	iberia	https://raw.githubusercontent.com/RoqueAlonso/AvianVisitors/iberia-illustrations/avian/assets/illustrations
anas-superciliosa	iberia	https://raw.githubusercontent.com/RoqueAlonso/AvianVisitors/iberia-illustrations/avian/assets/illustrations
anas-undulata	iberia	https://raw.githubusercontent.com/RoqueAlonso/AvianVisitors/iberia-illustrations/avian/assets/illustrations
anas-zonorhyncha	gb-eng	https://raw.githubusercontent.com/lloydalexporter/AvianAssets_GB-ENG/main/illustrations
anhinga-anhinga	florida	https://raw.githubusercontent.com/SupraBitKid/AvianVisitors/avian-visitors/avian/assets/illustrations
anhinga-novaehollandiae	canberra-act	https://raw.githubusercontent.com/opurtell/AvianVisitorsACT/main/avian/assets/illustrations
anodorhynchus-hyacinthinus	florida	https://raw.githubusercontent.com/SupraBitKid/AvianVisitors/avian-visitors/avian/assets/illustrations
anous-minutus	florida	https://raw.githubusercontent.com/SupraBitKid/AvianVisitors/avian-visitors/avian/assets/illustrations
anous-stolidus	florida	https://raw.githubusercontent.com/SupraBitKid/AvianVisitors/avian-visitors/avian/assets/illustrations
anser-anser	iberia	https://raw.githubusercontent.com/RoqueAlonso/AvianVisitors/iberia-illustrations/avian/assets/illustrations
anser-brachyrhynchus	iberia	https://raw.githubusercontent.com/RoqueAlonso/AvianVisitors/iberia-illustrations/avian/assets/illustrations
anser-caerulescens	iberia	https://raw.githubusercontent.com/RoqueAlonso/AvianVisitors/iberia-illustrations/avian/assets/illustrations
anser-canagicus	gb-eng	https://raw.githubusercontent.com/lloydalexporter/AvianAssets_GB-ENG/main/illustrations
anser-cygnoides	iberia	https://raw.githubusercontent.com/RoqueAlonso/AvianVisitors/iberia-illustrations/avian/assets/illustrations
anser-erythropus	iberia	https://raw.githubusercontent.com/RoqueAlonso/AvianVisitors/iberia-illustrations/avian/assets/illustrations
anser-fabalis	iberia	https://raw.githubusercontent.com/RoqueAlonso/AvianVisitors/iberia-illustrations/avian/assets/illustrations
anser-indicus	iberia	https://raw.githubusercontent.com/RoqueAlonso/AvianVisitors/iberia-illustrations/avian/assets/illustrations
anser-rossii	gb-eng	https://raw.githubusercontent.com/lloydalexporter/AvianAssets_GB-ENG/main/illustrations
anser-serrirostris	iberia	https://raw.githubusercontent.com/RoqueAlonso/AvianVisitors/iberia-illustrations/avian/assets/illustrations
anseranas-semipalmata	florida	https://raw.githubusercontent.com/SupraBitKid/AvianVisitors/avian-visitors/avian/assets/illustrations
anthochaera-carunculata	canberra-act	https://raw.githubusercontent.com/opurtell/AvianVisitorsACT/main/avian/assets/illustrations
anthochaera-chrysoptera	canberra-act	https://raw.githubusercontent.com/opurtell/AvianVisitorsACT/main/avian/assets/illustrations
anthochaera-phrygia	canberra-act	https://raw.githubusercontent.com/opurtell/AvianVisitorsACT/main/avian/assets/illustrations
anthus-berthelotii	iberia	https://raw.githubusercontent.com/RoqueAlonso/AvianVisitors/iberia-illustrations/avian/assets/illustrations
anthus-campestris	iberia	https://raw.githubusercontent.com/RoqueAlonso/AvianVisitors/iberia-illustrations/avian/assets/illustrations
anthus-cervinus	iberia	https://raw.githubusercontent.com/RoqueAlonso/AvianVisitors/iberia-illustrations/avian/assets/illustrations
anthus-godlewskii	iberia	https://raw.githubusercontent.com/RoqueAlonso/AvianVisitors/iberia-illustrations/avian/assets/illustrations
anthus-gustavi	gb-eng	https://raw.githubusercontent.com/lloydalexporter/AvianAssets_GB-ENG/main/illustrations
anthus-hodgsoni	iberia	https://raw.githubusercontent.com/RoqueAlonso/AvianVisitors/iberia-illustrations/avian/assets/illustrations
anthus-novaeseelandiae	canberra-act	https://raw.githubusercontent.com/opurtell/AvianVisitorsACT/main/avian/assets/illustrations
anthus-petrosus	iberia	https://raw.githubusercontent.com/RoqueAlonso/AvianVisitors/iberia-illustrations/avian/assets/illustrations
anthus-pratensis	iberia	https://raw.githubusercontent.com/RoqueAlonso/AvianVisitors/iberia-illustrations/avian/assets/illustrations
anthus-richardi	iberia	https://raw.githubusercontent.com/RoqueAlonso/AvianVisitors/iberia-illustrations/avian/assets/illustrations
anthus-rufulus	gb-eng	https://raw.githubusercontent.com/lloydalexporter/AvianAssets_GB-ENG/main/illustrations
anthus-spinoletta	iberia	https://raw.githubusercontent.com/RoqueAlonso/AvianVisitors/iberia-illustrations/avian/assets/illustrations
anthus-spragueii	florida	https://raw.githubusercontent.com/SupraBitKid/AvianVisitors/avian-visitors/avian/assets/illustrations
anthus-trivialis	iberia	https://raw.githubusercontent.com/RoqueAlonso/AvianVisitors/iberia-illustrations/avian/assets/illustrations
antigone-antigone	iberia	https://raw.githubusercontent.com/RoqueAlonso/AvianVisitors/iberia-illustrations/avian/assets/illustrations
antigone-rubicunda	canberra-act	https://raw.githubusercontent.com/opurtell/AvianVisitorsACT/main/avian/assets/illustrations
antigone-vipio	iberia	https://raw.githubusercontent.com/RoqueAlonso/AvianVisitors/iberia-illustrations/avian/assets/illustrations
antrostomus-carolinensis	florida	https://raw.githubusercontent.com/SupraBitKid/AvianVisitors/avian-visitors/avian/assets/illustrations
aphelocephala-leucopsis	canberra-act	https://raw.githubusercontent.com/opurtell/AvianVisitorsACT/main/avian/assets/illustrations
aphelocoma-coerulescens	florida	https://raw.githubusercontent.com/SupraBitKid/AvianVisitors/avian-visitors/avian/assets/illustrations
aprosmictus-erythropterus	canberra-act	https://raw.githubusercontent.com/opurtell/AvianVisitorsACT/main/avian/assets/illustrations
apus-affinis	iberia	https://raw.githubusercontent.com/RoqueAlonso/AvianVisitors/iberia-illustrations/avian/assets/illustrations
apus-apus	iberia	https://raw.githubusercontent.com/RoqueAlonso/AvianVisitors/iberia-illustrations/avian/assets/illustrations
apus-caffer	iberia	https://raw.githubusercontent.com/RoqueAlonso/AvianVisitors/iberia-illustrations/avian/assets/illustrations
apus-pacificus	gb-eng	https://raw.githubusercontent.com/lloydalexporter/AvianAssets_GB-ENG/main/illustrations
apus-pallidus	iberia	https://raw.githubusercontent.com/RoqueAlonso/AvianVisitors/iberia-illustrations/avian/assets/illustrations
apus-unicolor	iberia	https://raw.githubusercontent.com/RoqueAlonso/AvianVisitors/iberia-illustrations/avian/assets/illustrations
aquila-adalberti	iberia	https://raw.githubusercontent.com/RoqueAlonso/AvianVisitors/iberia-illustrations/avian/assets/illustrations
aquila-heliaca	iberia	https://raw.githubusercontent.com/RoqueAlonso/AvianVisitors/iberia-illustrations/avian/assets/illustrations
aquila-nipalensis	iberia	https://raw.githubusercontent.com/RoqueAlonso/AvianVisitors/iberia-illustrations/avian/assets/illustrations
ara-ararauna	iberia	https://raw.githubusercontent.com/RoqueAlonso/AvianVisitors/iberia-illustrations/avian/assets/illustrations
ara-chloropterus	iberia	https://raw.githubusercontent.com/RoqueAlonso/AvianVisitors/iberia-illustrations/avian/assets/illustrations
ara-macao	iberia	https://raw.githubusercontent.com/RoqueAlonso/AvianVisitors/iberia-illustrations/avian/assets/illustrations
ara-militaris	gb-eng	https://raw.githubusercontent.com/lloydalexporter/AvianAssets_GB-ENG/main/illustrations
ara-severus	florida	https://raw.githubusercontent.com/SupraBitKid/AvianVisitors/avian-visitors/avian/assets/illustrations
aramides-ypecaha	iberia	https://raw.githubusercontent.com/RoqueAlonso/AvianVisitors/iberia-illustrations/avian/assets/illustrations
aramus-guarauna	florida	https://raw.githubusercontent.com/SupraBitKid/AvianVisitors/avian-visitors/avian/assets/illustrations
aratinga-jandaya	iberia	https://raw.githubusercontent.com/RoqueAlonso/AvianVisitors/iberia-illustrations/avian/assets/illustrations
aratinga-nenday	iberia	https://raw.githubusercontent.com/RoqueAlonso/AvianVisitors/iberia-illustrations/avian/assets/illustrations
aratinga-weddellii	florida	https://raw.githubusercontent.com/SupraBitKid/AvianVisitors/avian-visitors/avian/assets/illustrations
ardea-cinerea	iberia	https://raw.githubusercontent.com/RoqueAlonso/AvianVisitors/iberia-illustrations/avian/assets/illustrations
ardea-intermedia	canberra-act	https://raw.githubusercontent.com/opurtell/AvianVisitorsACT/main/avian/assets/illustrations
ardea-purpurea	iberia	https://raw.githubusercontent.com/RoqueAlonso/AvianVisitors/iberia-illustrations/avian/assets/illustrations
ardenna-bulleri	canberra-act	https://raw.githubusercontent.com/opurtell/AvianVisitorsACT/main/avian/assets/illustrations
ardenna-carneipes	iberia	https://raw.githubusercontent.com/RoqueAlonso/AvianVisitors/iberia-illustrations/avian/assets/illustrations
ardenna-grisea	iberia	https://raw.githubusercontent.com/RoqueAlonso/AvianVisitors/iberia-illustrations/avian/assets/illustrations
ardenna-pacifica	florida	https://raw.githubusercontent.com/SupraBitKid/AvianVisitors/avian-visitors/avian/assets/illustrations
ardenna-tenuirostris	canberra-act	https://raw.githubusercontent.com/opurtell/AvianVisitorsACT/main/avian/assets/illustrations
ardeola-bacchus	gb-eng	https://raw.githubusercontent.com/lloydalexporter/AvianAssets_GB-ENG/main/illustrations
ardeola-ralloides	iberia	https://raw.githubusercontent.com/RoqueAlonso/AvianVisitors/iberia-illustrations/avian/assets/illustrations
arenaria-interpres	iberia	https://raw.githubusercontent.com/RoqueAlonso/AvianVisitors/iberia-illustrations/avian/assets/illustrations
artamus-cinereus	canberra-act	https://raw.githubusercontent.com/opurtell/AvianVisitorsACT/main/avian/assets/illustrations
artamus-cyanopterus	canberra-act	https://raw.githubusercontent.com/opurtell/AvianVisitorsACT/main/avian/assets/illustrations
artamus-leucorynchus	canberra-act	https://raw.githubusercontent.com/opurtell/AvianVisitorsACT/main/avian/assets/illustrations
artamus-personatus	canberra-act	https://raw.githubusercontent.com/opurtell/AvianVisitorsACT/main/avian/assets/illustrations
artamus-superciliosus	canberra-act	https://raw.githubusercontent.com/opurtell/AvianVisitorsACT/main/avian/assets/illustrations
asio-clamator	gb-eng	https://raw.githubusercontent.com/lloydalexporter/AvianAssets_GB-ENG/main/illustrations
asio-stygius	florida	https://raw.githubusercontent.com/SupraBitKid/AvianVisitors/avian-visitors/avian/assets/illustrations
athene-noctua	iberia	https://raw.githubusercontent.com/RoqueAlonso/AvianVisitors/iberia-illustrations/avian/assets/illustrations
aviceda-subcristata	canberra-act	https://raw.githubusercontent.com/opurtell/AvianVisitorsACT/main/avian/assets/illustrations
aythya-ferina	iberia	https://raw.githubusercontent.com/RoqueAlonso/AvianVisitors/iberia-illustrations/avian/assets/illustrations
aythya-fuligula	iberia	https://raw.githubusercontent.com/RoqueAlonso/AvianVisitors/iberia-illustrations/avian/assets/illustrations
aythya-marila	iberia	https://raw.githubusercontent.com/RoqueAlonso/AvianVisitors/iberia-illustrations/avian/assets/illustrations
aythya-nyroca	iberia	https://raw.githubusercontent.com/RoqueAlonso/AvianVisitors/iberia-illustrations/avian/assets/illustrations
balearica-regulorum	iberia	https://raw.githubusercontent.com/RoqueAlonso/AvianVisitors/iberia-illustrations/avian/assets/illustrations
barnardius-zonarius	iberia	https://raw.githubusercontent.com/RoqueAlonso/AvianVisitors/iberia-illustrations/avian/assets/illustrations
bartramia-longicauda	iberia	https://raw.githubusercontent.com/RoqueAlonso/AvianVisitors/iberia-illustrations/avian/assets/illustrations
bird	iberia	https://raw.githubusercontent.com/RoqueAlonso/AvianVisitors/iberia-illustrations/avian/assets/illustrations
biziura-lobata	canberra-act	https://raw.githubusercontent.com/opurtell/AvianVisitorsACT/main/avian/assets/illustrations
bnp	iberia	https://raw.githubusercontent.com/RoqueAlonso/AvianVisitors/iberia-illustrations/avian/assets/illustrations
bolborhynchus-lineola	gb-eng	https://raw.githubusercontent.com/lloydalexporter/AvianAssets_GB-ENG/main/illustrations
bostrychia-hagedash	iberia	https://raw.githubusercontent.com/RoqueAlonso/AvianVisitors/iberia-illustrations/avian/assets/illustrations
botaurus-stellaris	iberia	https://raw.githubusercontent.com/RoqueAlonso/AvianVisitors/iberia-illustrations/avian/assets/illustrations
branta-bernicla	iberia	https://raw.githubusercontent.com/RoqueAlonso/AvianVisitors/iberia-illustrations/avian/assets/illustrations
branta-hutchinsii	iberia	https://raw.githubusercontent.com/RoqueAlonso/AvianVisitors/iberia-illustrations/avian/assets/illustrations
branta-leucopsis	iberia	https://raw.githubusercontent.com/RoqueAlonso/AvianVisitors/iberia-illustrations/avian/assets/illustrations
branta-sandvicensis	iberia	https://raw.githubusercontent.com/RoqueAlonso/AvianVisitors/iberia-illustrations/avian/assets/illustrations
brotogeris-chiriri	florida	https://raw.githubusercontent.com/SupraBitKid/AvianVisitors/avian-visitors/avian/assets/illustrations
brotogeris-versicolurus	florida	https://raw.githubusercontent.com/SupraBitKid/AvianVisitors/avian-visitors/avian/assets/illustrations
bubo-africanus	gb-eng	https://raw.githubusercontent.com/lloydalexporter/AvianAssets_GB-ENG/main/illustrations
bubo-bengalensis	gb-eng	https://raw.githubusercontent.com/lloydalexporter/AvianAssets_GB-ENG/main/illustrations
bubo-bubo	iberia	https://raw.githubusercontent.com/RoqueAlonso/AvianVisitors/iberia-illustrations/avian/assets/illustrations
bubo-scandiacus	iberia	https://raw.githubusercontent.com/RoqueAlonso/AvianVisitors/iberia-illustrations/avian/assets/illustrations
bucanetes-githagineus	iberia	https://raw.githubusercontent.com/RoqueAlonso/AvianVisitors/iberia-illustrations/avian/assets/illustrations
bucephala-islandica	iberia	https://raw.githubusercontent.com/RoqueAlonso/AvianVisitors/iberia-illustrations/avian/assets/illustrations
bulweria-bulwerii	iberia	https://raw.githubusercontent.com/RoqueAlonso/AvianVisitors/iberia-illustrations/avian/assets/illustrations
burhinus-grallarius	canberra-act	https://raw.githubusercontent.com/opurtell/AvianVisitorsACT/main/avian/assets/illustrations
burhinus-oedicnemus	iberia	https://raw.githubusercontent.com/RoqueAlonso/AvianVisitors/iberia-illustrations/avian/assets/illustrations
buteo-albonotatus	florida	https://raw.githubusercontent.com/SupraBitKid/AvianVisitors/avian-visitors/avian/assets/illustrations
buteo-brachyurus	florida	https://raw.githubusercontent.com/SupraBitKid/AvianVisitors/avian-visitors/avian/assets/illustrations
buteo-buteo	iberia	https://raw.githubusercontent.com/RoqueAlonso/AvianVisitors/iberia-illustrations/avian/assets/illustrations
buteogallus-urubitinga	florida	https://raw.githubusercontent.com/SupraBitKid/AvianVisitors/avian-visitors/avian/assets/illustrations
bycanistes-albotibialis	florida	https://raw.githubusercontent.com/SupraBitKid/AvianVisitors/avian-visitors/avian/assets/illustrations
bycanistes-bucinator	florida	https://raw.githubusercontent.com/SupraBitKid/AvianVisitors/avian-visitors/avian/assets/illustrations
bycanistes-fistulator	florida	https://raw.githubusercontent.com/SupraBitKid/AvianVisitors/avian-visitors/avian/assets/illustrations
bycanistes-subcylindricus	florida	https://raw.githubusercontent.com/SupraBitKid/AvianVisitors/avian-visitors/avian/assets/illustrations
cacatua-alba	iberia	https://raw.githubusercontent.com/RoqueAlonso/AvianVisitors/iberia-illustrations/avian/assets/illustrations
cacatua-ducorpsii	gb-eng	https://raw.githubusercontent.com/lloydalexporter/AvianAssets_GB-ENG/main/illustrations
cacatua-galerita	iberia	https://raw.githubusercontent.com/RoqueAlonso/AvianVisitors/iberia-illustrations/avian/assets/illustrations
cacatua-goffiniana	gb-eng	https://raw.githubusercontent.com/lloydalexporter/AvianAssets_GB-ENG/main/illustrations
cacatua-sanguinea	canberra-act	https://raw.githubusercontent.com/opurtell/AvianVisitorsACT/main/avian/assets/illustrations
cacatua-tenuirostris	canberra-act	https://raw.githubusercontent.com/opurtell/AvianVisitorsACT/main/avian/assets/illustrations
cacicus-cela	florida	https://raw.githubusercontent.com/SupraBitKid/AvianVisitors/avian-visitors/avian/assets/illustrations
cacomantis-flabelliformis	canberra-act	https://raw.githubusercontent.com/opurtell/AvianVisitorsACT/main/avian/assets/illustrations
cacomantis-pallidus	canberra-act	https://raw.githubusercontent.com/opurtell/AvianVisitorsACT/main/avian/assets/illustrations
cacomantis-variolosus	canberra-act	https://raw.githubusercontent.com/opurtell/AvianVisitorsACT/main/avian/assets/illustrations
cairina-moschata	iberia	https://raw.githubusercontent.com/RoqueAlonso/AvianVisitors/iberia-illustrations/avian/assets/illustrations
calamanthus-fuliginosus	canberra-act	https://raw.githubusercontent.com/opurtell/AvianVisitorsACT/main/avian/assets/illustrations
calandrella-brachydactyla	iberia	https://raw.githubusercontent.com/RoqueAlonso/AvianVisitors/iberia-illustrations/avian/assets/illustrations
calcarius-lapponicus	iberia	https://raw.githubusercontent.com/RoqueAlonso/AvianVisitors/iberia-illustrations/avian/assets/illustrations
calcarius-ornatus	florida	https://raw.githubusercontent.com/SupraBitKid/AvianVisitors/avian-visitors/avian/assets/illustrations
calcarius-pictus	florida	https://raw.githubusercontent.com/SupraBitKid/AvianVisitors/avian-visitors/avian/assets/illustrations
calidris-acuminata	iberia	https://raw.githubusercontent.com/RoqueAlonso/AvianVisitors/iberia-illustrations/avian/assets/illustrations
calidris-bairdii	iberia	https://raw.githubusercontent.com/RoqueAlonso/AvianVisitors/iberia-illustrations/avian/assets/illustrations
calidris-canutus	iberia	https://raw.githubusercontent.com/RoqueAlonso/AvianVisitors/iberia-illustrations/avian/assets/illustrations
calidris-falcinellus	iberia	https://raw.githubusercontent.com/RoqueAlonso/AvianVisitors/iberia-illustrations/avian/assets/illustrations
calidris-ferruginea	iberia	https://raw.githubusercontent.com/RoqueAlonso/AvianVisitors/iberia-illustrations/avian/assets/illustrations
calidris-fuscicollis	iberia	https://raw.githubusercontent.com/RoqueAlonso/AvianVisitors/iberia-illustrations/avian/assets/illustrations
calidris-himantopus	iberia	https://raw.githubusercontent.com/RoqueAlonso/AvianVisitors/iberia-illustrations/avian/assets/illustrations
calidris-maritima	iberia	https://raw.githubusercontent.com/RoqueAlonso/AvianVisitors/iberia-illustrations/avian/assets/illustrations
calidris-mauri	iberia	https://raw.githubusercontent.com/RoqueAlonso/AvianVisitors/iberia-illustrations/avian/assets/illustrations
calidris-melanotos	iberia	https://raw.githubusercontent.com/RoqueAlonso/AvianVisitors/iberia-illustrations/avian/assets/illustrations
calidris-minuta	iberia	https://raw.githubusercontent.com/RoqueAlonso/AvianVisitors/iberia-illustrations/avian/assets/illustrations
calidris-pugnax	iberia	https://raw.githubusercontent.com/RoqueAlonso/AvianVisitors/iberia-illustrations/avian/assets/illustrations
calidris-ruficollis	iberia	https://raw.githubusercontent.com/RoqueAlonso/AvianVisitors/iberia-illustrations/avian/assets/illustrations
calidris-subminuta	gb-eng	https://raw.githubusercontent.com/lloydalexporter/AvianAssets_GB-ENG/main/illustrations
calidris-subruficollis	iberia	https://raw.githubusercontent.com/RoqueAlonso/AvianVisitors/iberia-illustrations/avian/assets/illustrations
calidris-temminckii	iberia	https://raw.githubusercontent.com/RoqueAlonso/AvianVisitors/iberia-illustrations/avian/assets/illustrations
calidris-tenuirostris	iberia	https://raw.githubusercontent.com/RoqueAlonso/AvianVisitors/iberia-illustrations/avian/assets/illustrations
calidris-virgata	florida	https://raw.githubusercontent.com/SupraBitKid/AvianVisitors/avian-visitors/avian/assets/illustrations
caligavis-chrysops	canberra-act	https://raw.githubusercontent.com/opurtell/AvianVisitorsACT/main/avian/assets/illustrations
calliope-calliope	gb-eng	https://raw.githubusercontent.com/lloydalexporter/AvianAssets_GB-ENG/main/illustrations
callipepla-gambelii	florida	https://raw.githubusercontent.com/SupraBitKid/AvianVisitors/avian-visitors/avian/assets/illustrations
callocephalon-fimbriatum	canberra-act	https://raw.githubusercontent.com/opurtell/AvianVisitorsACT/main/avian/assets/illustrations
calonectris-borealis	florida	https://raw.githubusercontent.com/SupraBitKid/AvianVisitors/avian-visitors/avian/assets/illustrations
calonectris-diomedea	iberia	https://raw.githubusercontent.com/RoqueAlonso/AvianVisitors/iberia-illustrations/avian/assets/illustrations
calyptorhynchus-banksii	canberra-act	https://raw.githubusercontent.com/opurtell/AvianVisitorsACT/main/avian/assets/illustrations
calyptorhynchus-funereus	canberra-act	https://raw.githubusercontent.com/opurtell/AvianVisitorsACT/main/avian/assets/illustrations
calyptorhynchus-lathami	canberra-act	https://raw.githubusercontent.com/opurtell/AvianVisitorsACT/main/avian/assets/illustrations
caprimulgus-europaeus	iberia	https://raw.githubusercontent.com/RoqueAlonso/AvianVisitors/iberia-illustrations/avian/assets/illustrations
caprimulgus-ruficollis	iberia	https://raw.githubusercontent.com/RoqueAlonso/AvianVisitors/iberia-illustrations/avian/assets/illustrations
caracara-plancus	gb-eng	https://raw.githubusercontent.com/lloydalexporter/AvianAssets_GB-ENG/main/illustrations
carduelis-carduelis	iberia	https://raw.githubusercontent.com/RoqueAlonso/AvianVisitors/iberia-illustrations/avian/assets/illustrations
carduelis-citrinella	iberia	https://raw.githubusercontent.com/RoqueAlonso/AvianVisitors/iberia-illustrations/avian/assets/illustrations
carpodacus-erythrinus	iberia	https://raw.githubusercontent.com/RoqueAlonso/AvianVisitors/iberia-illustrations/avian/assets/illustrations
carpodacus-sibiricus	gb-eng	https://raw.githubusercontent.com/lloydalexporter/AvianAssets_GB-ENG/main/illustrations
carterornis-leucotis	canberra-act	https://raw.githubusercontent.com/opurtell/AvianVisitorsACT/main/avian/assets/illustrations
catharus-bicknelli	florida	https://raw.githubusercontent.com/SupraBitKid/AvianVisitors/avian-visitors/avian/assets/illustrations
catharus-minimus	iberia	https://raw.githubusercontent.com/RoqueAlonso/AvianVisitors/iberia-illustrations/avian/assets/illustrations
cecropis-daurica	gb-eng	https://raw.githubusercontent.com/lloydalexporter/AvianAssets_GB-ENG/main/illustrations
centronyx-henslowii	florida	https://raw.githubusercontent.com/SupraBitKid/AvianVisitors/avian-visitors/avian/assets/illustrations
cepphus-grylle	iberia	https://raw.githubusercontent.com/RoqueAlonso/AvianVisitors/iberia-illustrations/avian/assets/illustrations
ceratogymna-atrata	florida	https://raw.githubusercontent.com/SupraBitKid/AvianVisitors/avian-visitors/avian/assets/illustrations
cercotrichas-galactotes	iberia	https://raw.githubusercontent.com/RoqueAlonso/AvianVisitors/iberia-illustrations/avian/assets/illustrations
certhia-brachydactyla	iberia	https://raw.githubusercontent.com/RoqueAlonso/AvianVisitors/iberia-illustrations/avian/assets/illustrations
certhia-familiaris	iberia	https://raw.githubusercontent.com/RoqueAlonso/AvianVisitors/iberia-illustrations/avian/assets/illustrations
certhionyx-variegatus	canberra-act	https://raw.githubusercontent.com/opurtell/AvianVisitorsACT/main/avian/assets/illustrations
cettia-cetti	iberia	https://raw.githubusercontent.com/RoqueAlonso/AvianVisitors/iberia-illustrations/avian/assets/illustrations
ceyx-azureus	canberra-act	https://raw.githubusercontent.com/opurtell/AvianVisitorsACT/main/avian/assets/illustrations
chalcophaps-longirostris	canberra-act	https://raw.githubusercontent.com/opurtell/AvianVisitorsACT/main/avian/assets/illustrations
charadrius-bicinctus	canberra-act	https://raw.githubusercontent.com/opurtell/AvianVisitorsACT/main/avian/assets/illustrations
charadrius-dubius	canberra-act	https://raw.githubusercontent.com/opurtell/AvianVisitorsACT/main/avian/assets/illustrations
charadrius-hiaticula	iberia	https://raw.githubusercontent.com/RoqueAlonso/AvianVisitors/iberia-illustrations/avian/assets/illustrations
charadrius-leschenaultii	canberra-act	https://raw.githubusercontent.com/opurtell/AvianVisitorsACT/main/avian/assets/illustrations
charadrius-veredus	canberra-act	https://raw.githubusercontent.com/opurtell/AvianVisitorsACT/main/avian/assets/illustrations
chenonetta-jubata	iberia	https://raw.githubusercontent.com/RoqueAlonso/AvianVisitors/iberia-illustrations/avian/assets/illustrations
chersophilus-duponti	iberia	https://raw.githubusercontent.com/RoqueAlonso/AvianVisitors/iberia-illustrations/avian/assets/illustrations
chlidonias-hybrida	iberia	https://raw.githubusercontent.com/RoqueAlonso/AvianVisitors/iberia-illustrations/avian/assets/illustrations
chlidonias-leucopterus	iberia	https://raw.githubusercontent.com/RoqueAlonso/AvianVisitors/iberia-illustrations/avian/assets/illustrations
chloephaga-picta	iberia	https://raw.githubusercontent.com/RoqueAlonso/AvianVisitors/iberia-illustrations/avian/assets/illustrations
chloris-chloris	iberia	https://raw.githubusercontent.com/RoqueAlonso/AvianVisitors/iberia-illustrations/avian/assets/illustrations
chordeiles-acutipennis	florida	https://raw.githubusercontent.com/SupraBitKid/AvianVisitors/avian-visitors/avian/assets/illustrations
chordeiles-gundlachii	florida	https://raw.githubusercontent.com/SupraBitKid/AvianVisitors/avian-visitors/avian/assets/illustrations
chroicocephalus-cirrocephalus	iberia	https://raw.githubusercontent.com/RoqueAlonso/AvianVisitors/iberia-illustrations/avian/assets/illustrations
chroicocephalus-genei	iberia	https://raw.githubusercontent.com/RoqueAlonso/AvianVisitors/iberia-illustrations/avian/assets/illustrations
chroicocephalus-novaehollandiae	gb-eng	https://raw.githubusercontent.com/lloydalexporter/AvianAssets_GB-ENG/main/illustrations
chroicocephalus-ridibundus	iberia	https://raw.githubusercontent.com/RoqueAlonso/AvianVisitors/iberia-illustrations/avian/assets/illustrations
chrysococcyx-basalis	canberra-act	https://raw.githubusercontent.com/opurtell/AvianVisitorsACT/main/avian/assets/illustrations
chrysococcyx-lucidus	canberra-act	https://raw.githubusercontent.com/opurtell/AvianVisitorsACT/main/avian/assets/illustrations
chrysococcyx-osculans	canberra-act	https://raw.githubusercontent.com/opurtell/AvianVisitorsACT/main/avian/assets/illustrations
chrysolophus-amherstiae	iberia	https://raw.githubusercontent.com/RoqueAlonso/AvianVisitors/iberia-illustrations/avian/assets/illustrations
chrysolophus-pictus	iberia	https://raw.githubusercontent.com/RoqueAlonso/AvianVisitors/iberia-illustrations/avian/assets/illustrations
ciconia-ciconia	iberia	https://raw.githubusercontent.com/RoqueAlonso/AvianVisitors/iberia-illustrations/avian/assets/illustrations
ciconia-nigra	iberia	https://raw.githubusercontent.com/RoqueAlonso/AvianVisitors/iberia-illustrations/avian/assets/illustrations
cincloramphus-cruralis	canberra-act	https://raw.githubusercontent.com/opurtell/AvianVisitorsACT/main/avian/assets/illustrations
cincloramphus-mathewsi	canberra-act	https://raw.githubusercontent.com/opurtell/AvianVisitorsACT/main/avian/assets/illustrations
cincloramphus-timoriensis	canberra-act	https://raw.githubusercontent.com/opurtell/AvianVisitorsACT/main/avian/assets/illustrations
cinclosoma-punctatum	canberra-act	https://raw.githubusercontent.com/opurtell/AvianVisitorsACT/main/avian/assets/illustrations
cinclus-cinclus	iberia	https://raw.githubusercontent.com/RoqueAlonso/AvianVisitors/iberia-illustrations/avian/assets/illustrations
cinnyris-cupreus	iberia	https://raw.githubusercontent.com/RoqueAlonso/AvianVisitors/iberia-illustrations/avian/assets/illustrations
circaetus-gallicus	iberia	https://raw.githubusercontent.com/RoqueAlonso/AvianVisitors/iberia-illustrations/avian/assets/illustrations
circus-aeruginosus	iberia	https://raw.githubusercontent.com/RoqueAlonso/AvianVisitors/iberia-illustrations/avian/assets/illustrations
circus-approximans	canberra-act	https://raw.githubusercontent.com/opurtell/AvianVisitorsACT/main/avian/assets/illustrations
circus-cyaneus	iberia	https://raw.githubusercontent.com/RoqueAlonso/AvianVisitors/iberia-illustrations/avian/assets/illustrations
circus-macrourus	iberia	https://raw.githubusercontent.com/RoqueAlonso/AvianVisitors/iberia-illustrations/avian/assets/illustrations
circus-pygargus	iberia	https://raw.githubusercontent.com/RoqueAlonso/AvianVisitors/iberia-illustrations/avian/assets/illustrations
cisticola-exilis	canberra-act	https://raw.githubusercontent.com/opurtell/AvianVisitorsACT/main/avian/assets/illustrations
cisticola-juncidis	iberia	https://raw.githubusercontent.com/RoqueAlonso/AvianVisitors/iberia-illustrations/avian/assets/illustrations
cistothorus-stellaris	florida	https://raw.githubusercontent.com/SupraBitKid/AvianVisitors/avian-visitors/avian/assets/illustrations
clamator-glandarius	iberia	https://raw.githubusercontent.com/RoqueAlonso/AvianVisitors/iberia-illustrations/avian/assets/illustrations
clanga-clanga	iberia	https://raw.githubusercontent.com/RoqueAlonso/AvianVisitors/iberia-illustrations/avian/assets/illustrations
clanga-pomarina	iberia	https://raw.githubusercontent.com/RoqueAlonso/AvianVisitors/iberia-illustrations/avian/assets/illustrations
clangula-hyemalis	iberia	https://raw.githubusercontent.com/RoqueAlonso/AvianVisitors/iberia-illustrations/avian/assets/illustrations
climacteris-picumnus	canberra-act	https://raw.githubusercontent.com/opurtell/AvianVisitorsACT/main/avian/assets/illustrations
coccothraustes-coccothraustes	iberia	https://raw.githubusercontent.com/RoqueAlonso/AvianVisitors/iberia-illustrations/avian/assets/illustrations
coccyzus-melacoryphus	florida	https://raw.githubusercontent.com/SupraBitKid/AvianVisitors/avian-visitors/avian/assets/illustrations
coccyzus-minor	florida	https://raw.githubusercontent.com/SupraBitKid/AvianVisitors/avian-visitors/avian/assets/illustrations
coereba-flaveola	florida	https://raw.githubusercontent.com/SupraBitKid/AvianVisitors/avian-visitors/avian/assets/illustrations
colinus-virginianus	iberia	https://raw.githubusercontent.com/RoqueAlonso/AvianVisitors/iberia-illustrations/avian/assets/illustrations
colluricincla-harmonica	canberra-act	https://raw.githubusercontent.com/opurtell/AvianVisitorsACT/main/avian/assets/illustrations
columba-guinea	iberia	https://raw.githubusercontent.com/RoqueAlonso/AvianVisitors/iberia-illustrations/avian/assets/illustrations
columba-oenas	iberia	https://raw.githubusercontent.com/RoqueAlonso/AvianVisitors/iberia-illustrations/avian/assets/illustrations
columba-palumbus	iberia	https://raw.githubusercontent.com/RoqueAlonso/AvianVisitors/iberia-illustrations/avian/assets/illustrations
columbina-inca	florida	https://raw.githubusercontent.com/SupraBitKid/AvianVisitors/avian-visitors/avian/assets/illustrations
columbina-talpacoti	iberia	https://raw.githubusercontent.com/RoqueAlonso/AvianVisitors/iberia-illustrations/avian/assets/illustrations
contopus-caribaeus	florida	https://raw.githubusercontent.com/SupraBitKid/AvianVisitors/avian-visitors/avian/assets/illustrations
copy	iberia	https://raw.githubusercontent.com/RoqueAlonso/AvianVisitors/iberia-illustrations/avian/assets/illustrations
coracias-abyssinicus	iberia	https://raw.githubusercontent.com/RoqueAlonso/AvianVisitors/iberia-illustrations/avian/assets/illustrations
coracias-caudatus	gb-eng	https://raw.githubusercontent.com/lloydalexporter/AvianAssets_GB-ENG/main/illustrations
coracias-garrulus	iberia	https://raw.githubusercontent.com/RoqueAlonso/AvianVisitors/iberia-illustrations/avian/assets/illustrations
coracina-novaehollandiae	canberra-act	https://raw.githubusercontent.com/opurtell/AvianVisitorsACT/main/avian/assets/illustrations
coracina-papuensis	canberra-act	https://raw.githubusercontent.com/opurtell/AvianVisitorsACT/main/avian/assets/illustrations
corcorax-melanorhamphos	canberra-act	https://raw.githubusercontent.com/opurtell/AvianVisitorsACT/main/avian/assets/illustrations
cormobates-leucophaea	canberra-act	https://raw.githubusercontent.com/opurtell/AvianVisitorsACT/main/avian/assets/illustrations
corvus-albus	iberia	https://raw.githubusercontent.com/RoqueAlonso/AvianVisitors/iberia-illustrations/avian/assets/illustrations
corvus-cornix	iberia	https://raw.githubusercontent.com/RoqueAlonso/AvianVisitors/iberia-illustrations/avian/assets/illustrations
corvus-corone	iberia	https://raw.githubusercontent.com/RoqueAlonso/AvianVisitors/iberia-illustrations/avian/assets/illustrations
corvus-coronoides	canberra-act	https://raw.githubusercontent.com/opurtell/AvianVisitorsACT/main/avian/assets/illustrations
corvus-frugilegus	iberia	https://raw.githubusercontent.com/RoqueAlonso/AvianVisitors/iberia-illustrations/avian/assets/illustrations
corvus-mellori	canberra-act	https://raw.githubusercontent.com/opurtell/AvianVisitorsACT/main/avian/assets/illustrations
corvus-monedula	derbyshire	https://raw.githubusercontent.com/jonnywright/AvianAssets/main/illustrations
corvus-ossifragus	florida	https://raw.githubusercontent.com/SupraBitKid/AvianVisitors/avian-visitors/avian/assets/illustrations
corvus-ruficollis	iberia	https://raw.githubusercontent.com/RoqueAlonso/AvianVisitors/iberia-illustrations/avian/assets/illustrations
corvus-splendens	iberia	https://raw.githubusercontent.com/RoqueAlonso/AvianVisitors/iberia-illustrations/avian/assets/illustrations
corvus-tasmanicus	canberra-act	https://raw.githubusercontent.com/opurtell/AvianVisitorsACT/main/avian/assets/illustrations
coscoroba-coscoroba	iberia	https://raw.githubusercontent.com/RoqueAlonso/AvianVisitors/iberia-illustrations/avian/assets/illustrations
coturnicops-noveboracensis	florida	https://raw.githubusercontent.com/SupraBitKid/AvianVisitors/avian-visitors/avian/assets/illustrations
coturnix-coturnix	iberia	https://raw.githubusercontent.com/RoqueAlonso/AvianVisitors/iberia-illustrations/avian/assets/illustrations
coturnix-japonica	iberia	https://raw.githubusercontent.com/RoqueAlonso/AvianVisitors/iberia-illustrations/avian/assets/illustrations
coturnix-pectoralis	canberra-act	https://raw.githubusercontent.com/opurtell/AvianVisitorsACT/main/avian/assets/illustrations
cracticus-nigrogularis	canberra-act	https://raw.githubusercontent.com/opurtell/AvianVisitorsACT/main/avian/assets/illustrations
cracticus-torquatus	canberra-act	https://raw.githubusercontent.com/opurtell/AvianVisitorsACT/main/avian/assets/illustrations
crex-crex	iberia	https://raw.githubusercontent.com/RoqueAlonso/AvianVisitors/iberia-illustrations/avian/assets/illustrations
crinifer-piscator	iberia	https://raw.githubusercontent.com/RoqueAlonso/AvianVisitors/iberia-illustrations/avian/assets/illustrations
crithagra-gularis	gb-eng	https://raw.githubusercontent.com/lloydalexporter/AvianAssets_GB-ENG/main/illustrations
crithagra-mozambica	iberia	https://raw.githubusercontent.com/RoqueAlonso/AvianVisitors/iberia-illustrations/avian/assets/illustrations
crotophaga-ani	florida	https://raw.githubusercontent.com/SupraBitKid/AvianVisitors/avian-visitors/avian/assets/illustrations
crotophaga-sulcirostris	florida	https://raw.githubusercontent.com/SupraBitKid/AvianVisitors/avian-visitors/avian/assets/illustrations
cuculus-canorus	iberia	https://raw.githubusercontent.com/RoqueAlonso/AvianVisitors/iberia-illustrations/avian/assets/illustrations
curruca-communis	iberia	https://raw.githubusercontent.com/RoqueAlonso/AvianVisitors/iberia-illustrations/avian/assets/illustrations
curruca-conspicillata	iberia	https://raw.githubusercontent.com/RoqueAlonso/AvianVisitors/iberia-illustrations/avian/assets/illustrations
curruca-crassirostris	gb-eng	https://raw.githubusercontent.com/lloydalexporter/AvianAssets_GB-ENG/main/illustrations
curruca-curruca	iberia	https://raw.githubusercontent.com/RoqueAlonso/AvianVisitors/iberia-illustrations/avian/assets/illustrations
curruca-hortensis	iberia	https://raw.githubusercontent.com/RoqueAlonso/AvianVisitors/iberia-illustrations/avian/assets/illustrations
curruca-iberiae	iberia	https://raw.githubusercontent.com/RoqueAlonso/AvianVisitors/iberia-illustrations/avian/assets/illustrations
curruca-melanocephala	iberia	https://raw.githubusercontent.com/RoqueAlonso/AvianVisitors/iberia-illustrations/avian/assets/illustrations
curruca-nisoria	iberia	https://raw.githubusercontent.com/RoqueAlonso/AvianVisitors/iberia-illustrations/avian/assets/illustrations
curruca-undata	iberia	https://raw.githubusercontent.com/RoqueAlonso/AvianVisitors/iberia-illustrations/avian/assets/illustrations
cyanerpes-caeruleus	florida	https://raw.githubusercontent.com/SupraBitKid/AvianVisitors/avian-visitors/avian/assets/illustrations
cyanerpes-cyaneus	florida	https://raw.githubusercontent.com/SupraBitKid/AvianVisitors/avian-visitors/avian/assets/illustrations
cyanistes-caeruleus	iberia	https://raw.githubusercontent.com/RoqueAlonso/AvianVisitors/iberia-illustrations/avian/assets/illustrations
cyanistes-cyanus	iberia	https://raw.githubusercontent.com/RoqueAlonso/AvianVisitors/iberia-illustrations/avian/assets/illustrations
cyanistes-teneriffae	iberia	https://raw.githubusercontent.com/RoqueAlonso/AvianVisitors/iberia-illustrations/avian/assets/illustrations
cyanocorax-sanblasianus	florida	https://raw.githubusercontent.com/SupraBitKid/AvianVisitors/avian-visitors/avian/assets/illustrations
cyanoliseus-patagonus	iberia	https://raw.githubusercontent.com/RoqueAlonso/AvianVisitors/iberia-illustrations/avian/assets/illustrations
cyanopica-cooki	iberia	https://raw.githubusercontent.com/RoqueAlonso/AvianVisitors/iberia-illustrations/avian/assets/illustrations
cyanoramphus-novaezelandiae	iberia	https://raw.githubusercontent.com/RoqueAlonso/AvianVisitors/iberia-illustrations/avian/assets/illustrations
cygnus-atratus	iberia	https://raw.githubusercontent.com/RoqueAlonso/AvianVisitors/iberia-illustrations/avian/assets/illustrations
cygnus-columbianus	iberia	https://raw.githubusercontent.com/RoqueAlonso/AvianVisitors/iberia-illustrations/avian/assets/illustrations
cygnus-cygnus	iberia	https://raw.githubusercontent.com/RoqueAlonso/AvianVisitors/iberia-illustrations/avian/assets/illustrations
cygnus-melancoryphus	iberia	https://raw.githubusercontent.com/RoqueAlonso/AvianVisitors/iberia-illustrations/avian/assets/illustrations
cynanthus-latirostris	florida	https://raw.githubusercontent.com/SupraBitKid/AvianVisitors/avian-visitors/avian/assets/illustrations
dacelo-novaeguineae	gb-eng	https://raw.githubusercontent.com/lloydalexporter/AvianAssets_GB-ENG/main/illustrations
daphoenositta-chrysoptera	canberra-act	https://raw.githubusercontent.com/opurtell/AvianVisitorsACT/main/avian/assets/illustrations
daption-capense	canberra-act	https://raw.githubusercontent.com/opurtell/AvianVisitorsACT/main/avian/assets/illustrations
dasyornis-brachypterus	canberra-act	https://raw.githubusercontent.com/opurtell/AvianVisitorsACT/main/avian/assets/illustrations
dasyornis-broadbenti	canberra-act	https://raw.githubusercontent.com/opurtell/AvianVisitorsACT/main/avian/assets/illustrations
delichon-urbicum	iberia	https://raw.githubusercontent.com/RoqueAlonso/AvianVisitors/iberia-illustrations/avian/assets/illustrations
dendrocopos-leucotos	iberia	https://raw.githubusercontent.com/RoqueAlonso/AvianVisitors/iberia-illustrations/avian/assets/illustrations
dendrocopos-major	iberia	https://raw.githubusercontent.com/RoqueAlonso/AvianVisitors/iberia-illustrations/avian/assets/illustrations
dendrocoptes-medius	iberia	https://raw.githubusercontent.com/RoqueAlonso/AvianVisitors/iberia-illustrations/avian/assets/illustrations
dendrocygna-arcuata	canberra-act	https://raw.githubusercontent.com/opurtell/AvianVisitorsACT/main/avian/assets/illustrations
dendrocygna-autumnalis	iberia	https://raw.githubusercontent.com/RoqueAlonso/AvianVisitors/iberia-illustrations/avian/assets/illustrations
dendrocygna-bicolor	iberia	https://raw.githubusercontent.com/RoqueAlonso/AvianVisitors/iberia-illustrations/avian/assets/illustrations
dendrocygna-eytoni	florida	https://raw.githubusercontent.com/SupraBitKid/AvianVisitors/avian-visitors/avian/assets/illustrations
dendrocygna-javanica	gb-eng	https://raw.githubusercontent.com/lloydalexporter/AvianAssets_GB-ENG/main/illustrations
dendrocygna-viduata	iberia	https://raw.githubusercontent.com/RoqueAlonso/AvianVisitors/iberia-illustrations/avian/assets/illustrations
dicaeum-hirundinaceum	canberra-act	https://raw.githubusercontent.com/opurtell/AvianVisitorsACT/main/avian/assets/illustrations
dicrurus-bracteatus	canberra-act	https://raw.githubusercontent.com/opurtell/AvianVisitorsACT/main/avian/assets/illustrations
diomedea-exulans	canberra-act	https://raw.githubusercontent.com/opurtell/AvianVisitorsACT/main/avian/assets/illustrations
diopsittaca-nobilis	gb-eng	https://raw.githubusercontent.com/lloydalexporter/AvianAssets_GB-ENG/main/illustrations
drymodes-brunneopygia	canberra-act	https://raw.githubusercontent.com/opurtell/AvianVisitorsACT/main/avian/assets/illustrations
dryobates-minor	iberia	https://raw.githubusercontent.com/RoqueAlonso/AvianVisitors/iberia-illustrations/avian/assets/illustrations
dryocopus-martius	iberia	https://raw.githubusercontent.com/RoqueAlonso/AvianVisitors/iberia-illustrations/avian/assets/illustrations
edolisoma-tenuirostre	canberra-act	https://raw.githubusercontent.com/opurtell/AvianVisitorsACT/main/avian/assets/illustrations
egretta-garzetta	iberia	https://raw.githubusercontent.com/RoqueAlonso/AvianVisitors/iberia-illustrations/avian/assets/illustrations
egretta-gularis	iberia	https://raw.githubusercontent.com/RoqueAlonso/AvianVisitors/iberia-illustrations/avian/assets/illustrations
egretta-novaehollandiae	canberra-act	https://raw.githubusercontent.com/opurtell/AvianVisitorsACT/main/avian/assets/illustrations
egretta-rufescens	florida	https://raw.githubusercontent.com/SupraBitKid/AvianVisitors/avian-visitors/avian/assets/illustrations
egretta-sacra	canberra-act	https://raw.githubusercontent.com/opurtell/AvianVisitorsACT/main/avian/assets/illustrations
egretta-tricolor	iberia	https://raw.githubusercontent.com/RoqueAlonso/AvianVisitors/iberia-illustrations/avian/assets/illustrations
elaenia-parvirostris	florida	https://raw.githubusercontent.com/SupraBitKid/AvianVisitors/avian-visitors/avian/assets/illustrations
elanoides-forficatus	iberia	https://raw.githubusercontent.com/RoqueAlonso/AvianVisitors/iberia-illustrations/avian/assets/illustrations
elanus-caeruleus	iberia	https://raw.githubusercontent.com/RoqueAlonso/AvianVisitors/iberia-illustrations/avian/assets/illustrations
elseyornis-melanops	canberra-act	https://raw.githubusercontent.com/opurtell/AvianVisitorsACT/main/avian/assets/illustrations
emberiza-aureola	iberia	https://raw.githubusercontent.com/RoqueAlonso/AvianVisitors/iberia-illustrations/avian/assets/illustrations
emberiza-bruniceps	gb-eng	https://raw.githubusercontent.com/lloydalexporter/AvianAssets_GB-ENG/main/illustrations
emberiza-calandra	iberia	https://raw.githubusercontent.com/RoqueAlonso/AvianVisitors/iberia-illustrations/avian/assets/illustrations
emberiza-chrysophrys	gb-eng	https://raw.githubusercontent.com/lloydalexporter/AvianAssets_GB-ENG/main/illustrations
emberiza-cia	iberia	https://raw.githubusercontent.com/RoqueAlonso/AvianVisitors/iberia-illustrations/avian/assets/illustrations
emberiza-cioides	iberia	https://raw.githubusercontent.com/RoqueAlonso/AvianVisitors/iberia-illustrations/avian/assets/illustrations
emberiza-cirlus	iberia	https://raw.githubusercontent.com/RoqueAlonso/AvianVisitors/iberia-illustrations/avian/assets/illustrations
emberiza-citrinella	iberia	https://raw.githubusercontent.com/RoqueAlonso/AvianVisitors/iberia-illustrations/avian/assets/illustrations
emberiza-hortulana	iberia	https://raw.githubusercontent.com/RoqueAlonso/AvianVisitors/iberia-illustrations/avian/assets/illustrations
emberiza-leucocephalos	iberia	https://raw.githubusercontent.com/RoqueAlonso/AvianVisitors/iberia-illustrations/avian/assets/illustrations
emberiza-melanocephala	iberia	https://raw.githubusercontent.com/RoqueAlonso/AvianVisitors/iberia-illustrations/avian/assets/illustrations
emberiza-pallasi	gb-eng	https://raw.githubusercontent.com/lloydalexporter/AvianAssets_GB-ENG/main/illustrations
emberiza-pusilla	iberia	https://raw.githubusercontent.com/RoqueAlonso/AvianVisitors/iberia-illustrations/avian/assets/illustrations
emberiza-rustica	iberia	https://raw.githubusercontent.com/RoqueAlonso/AvianVisitors/iberia-illustrations/avian/assets/illustrations
emberiza-sahari	iberia	https://raw.githubusercontent.com/RoqueAlonso/AvianVisitors/iberia-illustrations/avian/assets/illustrations
emberiza-schoeniclus	iberia	https://raw.githubusercontent.com/RoqueAlonso/AvianVisitors/iberia-illustrations/avian/assets/illustrations
emberiza-spodocephala	iberia	https://raw.githubusercontent.com/RoqueAlonso/AvianVisitors/iberia-illustrations/avian/assets/illustrations
empidonax-virescens	gb-eng	https://raw.githubusercontent.com/lloydalexporter/AvianAssets_GB-ENG/main/illustrations
empidonomus-varius	florida	https://raw.githubusercontent.com/SupraBitKid/AvianVisitors/avian-visitors/avian/assets/illustrations
entomyzon-cyanotis	gb-eng	https://raw.githubusercontent.com/lloydalexporter/AvianAssets_GB-ENG/main/illustrations
eolophus-roseicapilla	gb-eng	https://raw.githubusercontent.com/lloydalexporter/AvianAssets_GB-ENG/main/illustrations
eophona-migratoria	gb-eng	https://raw.githubusercontent.com/lloydalexporter/AvianAssets_GB-ENG/main/illustrations
eopsaltria-australis	canberra-act	https://raw.githubusercontent.com/opurtell/AvianVisitorsACT/main/avian/assets/illustrations
epthianura-tricolor	canberra-act	https://raw.githubusercontent.com/opurtell/AvianVisitorsACT/main/avian/assets/illustrations
erithacus-rubecula	iberia	https://raw.githubusercontent.com/RoqueAlonso/AvianVisitors/iberia-illustrations/avian/assets/illustrations
esacus-magnirostris	canberra-act	https://raw.githubusercontent.com/opurtell/AvianVisitorsACT/main/avian/assets/illustrations
estrilda-astrild	iberia	https://raw.githubusercontent.com/RoqueAlonso/AvianVisitors/iberia-illustrations/avian/assets/illustrations
estrilda-melpoda	iberia	https://raw.githubusercontent.com/RoqueAlonso/AvianVisitors/iberia-illustrations/avian/assets/illustrations
estrilda-troglodytes	iberia	https://raw.githubusercontent.com/RoqueAlonso/AvianVisitors/iberia-illustrations/avian/assets/illustrations
eudocimus-albus	iberia	https://raw.githubusercontent.com/RoqueAlonso/AvianVisitors/iberia-illustrations/avian/assets/illustrations
eudynamys-orientalis	canberra-act	https://raw.githubusercontent.com/opurtell/AvianVisitorsACT/main/avian/assets/illustrations
eudyptula-minor	canberra-act	https://raw.githubusercontent.com/opurtell/AvianVisitorsACT/main/avian/assets/illustrations
eumyias-thalassinus	gb-eng	https://raw.githubusercontent.com/lloydalexporter/AvianAssets_GB-ENG/main/illustrations
euodice-cantans	iberia	https://raw.githubusercontent.com/RoqueAlonso/AvianVisitors/iberia-illustrations/avian/assets/illustrations
euodice-malabarica	iberia	https://raw.githubusercontent.com/RoqueAlonso/AvianVisitors/iberia-illustrations/avian/assets/illustrations
euphagus-carolinus	florida	https://raw.githubusercontent.com/SupraBitKid/AvianVisitors/avian-visitors/avian/assets/illustrations
euplectes-afer	iberia	https://raw.githubusercontent.com/RoqueAlonso/AvianVisitors/iberia-illustrations/avian/assets/illustrations
euplectes-franciscanus	iberia	https://raw.githubusercontent.com/RoqueAlonso/AvianVisitors/iberia-illustrations/avian/assets/illustrations
euplectes-hordeaceus	gb-eng	https://raw.githubusercontent.com/lloydalexporter/AvianAssets_GB-ENG/main/illustrations
euplectes-orix	iberia	https://raw.githubusercontent.com/RoqueAlonso/AvianVisitors/iberia-illustrations/avian/assets/illustrations
eupsittula-aurea	florida	https://raw.githubusercontent.com/SupraBitKid/AvianVisitors/avian-visitors/avian/assets/illustrations
eupsittula-canicularis	florida	https://raw.githubusercontent.com/SupraBitKid/AvianVisitors/avian-visitors/avian/assets/illustrations
eupsittula-pertinax	iberia	https://raw.githubusercontent.com/RoqueAlonso/AvianVisitors/iberia-illustrations/avian/assets/illustrations
eurostopodus-argus	canberra-act	https://raw.githubusercontent.com/opurtell/AvianVisitorsACT/main/avian/assets/illustrations
eurostopodus-mystacalis	canberra-act	https://raw.githubusercontent.com/opurtell/AvianVisitorsACT/main/avian/assets/illustrations
eurystomus-orientalis	canberra-act	https://raw.githubusercontent.com/opurtell/AvianVisitorsACT/main/avian/assets/illustrations
falco-amurensis	iberia	https://raw.githubusercontent.com/RoqueAlonso/AvianVisitors/iberia-illustrations/avian/assets/illustrations
falco-berigora	canberra-act	https://raw.githubusercontent.com/opurtell/AvianVisitorsACT/main/avian/assets/illustrations
falco-femoralis	iberia	https://raw.githubusercontent.com/RoqueAlonso/AvianVisitors/iberia-illustrations/avian/assets/illustrations
falco-naumanni	iberia	https://raw.githubusercontent.com/RoqueAlonso/AvianVisitors/iberia-illustrations/avian/assets/illustrations
falco-rusticolus	iberia	https://raw.githubusercontent.com/RoqueAlonso/AvianVisitors/iberia-illustrations/avian/assets/illustrations
falco-subbuteo	iberia	https://raw.githubusercontent.com/RoqueAlonso/AvianVisitors/iberia-illustrations/avian/assets/illustrations
falco-tinnunculus	iberia	https://raw.githubusercontent.com/RoqueAlonso/AvianVisitors/iberia-illustrations/avian/assets/illustrations
falco-vespertinus	iberia	https://raw.githubusercontent.com/RoqueAlonso/AvianVisitors/iberia-illustrations/avian/assets/illustrations
falcunculus-frontatus	canberra-act	https://raw.githubusercontent.com/opurtell/AvianVisitorsACT/main/avian/assets/illustrations
favicon	iberia	https://raw.githubusercontent.com/RoqueAlonso/AvianVisitors/iberia-illustrations/avian/assets/illustrations
ficedula-albicilla	gb-eng	https://raw.githubusercontent.com/lloydalexporter/AvianAssets_GB-ENG/main/illustrations
ficedula-albicollis	iberia	https://raw.githubusercontent.com/RoqueAlonso/AvianVisitors/iberia-illustrations/avian/assets/illustrations
ficedula-hypoleuca	iberia	https://raw.githubusercontent.com/RoqueAlonso/AvianVisitors/iberia-illustrations/avian/assets/illustrations
ficedula-mugimaki	gb-eng	https://raw.githubusercontent.com/lloydalexporter/AvianAssets_GB-ENG/main/illustrations
ficedula-parva	iberia	https://raw.githubusercontent.com/RoqueAlonso/AvianVisitors/iberia-illustrations/avian/assets/illustrations
ficedula-semitorquata	iberia	https://raw.githubusercontent.com/RoqueAlonso/AvianVisitors/iberia-illustrations/avian/assets/illustrations
forpus-coelestis	gb-eng	https://raw.githubusercontent.com/lloydalexporter/AvianAssets_GB-ENG/main/illustrations
francolinus-francolinus	iberia	https://raw.githubusercontent.com/RoqueAlonso/AvianVisitors/iberia-illustrations/avian/assets/illustrations
fratercula-arctica	iberia	https://raw.githubusercontent.com/RoqueAlonso/AvianVisitors/iberia-illustrations/avian/assets/illustrations
fregata-magnificens	iberia	https://raw.githubusercontent.com/RoqueAlonso/AvianVisitors/iberia-illustrations/avian/assets/illustrations
fregata-minor	canberra-act	https://raw.githubusercontent.com/opurtell/AvianVisitorsACT/main/avian/assets/illustrations
fringilla-coelebs	iberia	https://raw.githubusercontent.com/RoqueAlonso/AvianVisitors/iberia-illustrations/avian/assets/illustrations
fringilla-montifringilla	iberia	https://raw.githubusercontent.com/RoqueAlonso/AvianVisitors/iberia-illustrations/avian/assets/illustrations
fulica-atra	iberia	https://raw.githubusercontent.com/RoqueAlonso/AvianVisitors/iberia-illustrations/avian/assets/illustrations
fulica-cristata	iberia	https://raw.githubusercontent.com/RoqueAlonso/AvianVisitors/iberia-illustrations/avian/assets/illustrations
fulmarus-glacialis	iberia	https://raw.githubusercontent.com/RoqueAlonso/AvianVisitors/iberia-illustrations/avian/assets/illustrations
galerida-cristata	iberia	https://raw.githubusercontent.com/RoqueAlonso/AvianVisitors/iberia-illustrations/avian/assets/illustrations
galerida-theklae	iberia	https://raw.githubusercontent.com/RoqueAlonso/AvianVisitors/iberia-illustrations/avian/assets/illustrations
gallinago-delicata	gb-eng	https://raw.githubusercontent.com/lloydalexporter/AvianAssets_GB-ENG/main/illustrations
gallinago-gallinago	iberia	https://raw.githubusercontent.com/RoqueAlonso/AvianVisitors/iberia-illustrations/avian/assets/illustrations
gallinago-hardwickii	canberra-act	https://raw.githubusercontent.com/opurtell/AvianVisitorsACT/main/avian/assets/illustrations
gallinago-media	iberia	https://raw.githubusercontent.com/RoqueAlonso/AvianVisitors/iberia-illustrations/avian/assets/illustrations
gallinula-chloropus	iberia	https://raw.githubusercontent.com/RoqueAlonso/AvianVisitors/iberia-illustrations/avian/assets/illustrations
gallinula-galeata	florida	https://raw.githubusercontent.com/SupraBitKid/AvianVisitors/avian-visitors/avian/assets/illustrations
gallinula-tenebrosa	canberra-act	https://raw.githubusercontent.com/opurtell/AvianVisitorsACT/main/avian/assets/illustrations
gallirallus-philippensis	canberra-act	https://raw.githubusercontent.com/opurtell/AvianVisitorsACT/main/avian/assets/illustrations
gallus-gallus	gb-eng	https://raw.githubusercontent.com/lloydalexporter/AvianAssets_GB-ENG/main/illustrations
gallus-sonneratii	gb-eng	https://raw.githubusercontent.com/lloydalexporter/AvianAssets_GB-ENG/main/illustrations
garrulus-glandarius	iberia	https://raw.githubusercontent.com/RoqueAlonso/AvianVisitors/iberia-illustrations/avian/assets/illustrations
gavia-adamsii	gb-eng	https://raw.githubusercontent.com/lloydalexporter/AvianAssets_GB-ENG/main/illustrations
gavia-arctica	gb-eng	https://raw.githubusercontent.com/lloydalexporter/AvianAssets_GB-ENG/main/illustrations
gavia-pacifica	gb-eng	https://raw.githubusercontent.com/lloydalexporter/AvianAssets_GB-ENG/main/illustrations
gavia-stellata	iberia	https://raw.githubusercontent.com/RoqueAlonso/AvianVisitors/iberia-illustrations/avian/assets/illustrations
gavicalis-virescens	canberra-act	https://raw.githubusercontent.com/opurtell/AvianVisitorsACT/main/avian/assets/illustrations
gelochelidon-nilotica	iberia	https://raw.githubusercontent.com/RoqueAlonso/AvianVisitors/iberia-illustrations/avian/assets/illustrations
geokichla-citrina	gb-eng	https://raw.githubusercontent.com/lloydalexporter/AvianAssets_GB-ENG/main/illustrations
geokichla-sibirica	gb-eng	https://raw.githubusercontent.com/lloydalexporter/AvianAssets_GB-ENG/main/illustrations
geopelia-humeralis	canberra-act	https://raw.githubusercontent.com/opurtell/AvianVisitorsACT/main/avian/assets/illustrations
geopelia-placida	canberra-act	https://raw.githubusercontent.com/opurtell/AvianVisitorsACT/main/avian/assets/illustrations
geothlypis-formosa	florida	https://raw.githubusercontent.com/SupraBitKid/AvianVisitors/avian-visitors/avian/assets/illustrations
geotrygon-chrysia	florida	https://raw.githubusercontent.com/SupraBitKid/AvianVisitors/avian-visitors/avian/assets/illustrations
geotrygon-montana	florida	https://raw.githubusercontent.com/SupraBitKid/AvianVisitors/avian-visitors/avian/assets/illustrations
geronticus-eremita	iberia	https://raw.githubusercontent.com/RoqueAlonso/AvianVisitors/iberia-illustrations/avian/assets/illustrations
gerygone-fusca	canberra-act	https://raw.githubusercontent.com/opurtell/AvianVisitorsACT/main/avian/assets/illustrations
gerygone-mouki	canberra-act	https://raw.githubusercontent.com/opurtell/AvianVisitorsACT/main/avian/assets/illustrations
gerygone-olivacea	canberra-act	https://raw.githubusercontent.com/opurtell/AvianVisitorsACT/main/avian/assets/illustrations
glareola-maldivarum	gb-eng	https://raw.githubusercontent.com/lloydalexporter/AvianAssets_GB-ENG/main/illustrations
glareola-pratincola	iberia	https://raw.githubusercontent.com/RoqueAlonso/AvianVisitors/iberia-illustrations/avian/assets/illustrations
glaucidium-passerinum	switzerland	https://raw.githubusercontent.com/theskyisthelimit/AvianVisitors/europe-illustrations/avian/assets/illustrations
gliciphila-melanops	canberra-act	https://raw.githubusercontent.com/opurtell/AvianVisitorsACT/main/avian/assets/illustrations
glossopsitta-concinna	canberra-act	https://raw.githubusercontent.com/opurtell/AvianVisitorsACT/main/avian/assets/illustrations
gracula-religiosa	florida	https://raw.githubusercontent.com/SupraBitKid/AvianVisitors/avian-visitors/avian/assets/illustrations
gracupica-contra	gb-eng	https://raw.githubusercontent.com/lloydalexporter/AvianAssets_GB-ENG/main/illustrations
grallina-cyanoleuca	canberra-act	https://raw.githubusercontent.com/opurtell/AvianVisitorsACT/main/avian/assets/illustrations
grantiella-picta	canberra-act	https://raw.githubusercontent.com/opurtell/AvianVisitorsACT/main/avian/assets/illustrations
grus-americana	florida	https://raw.githubusercontent.com/SupraBitKid/AvianVisitors/avian-visitors/avian/assets/illustrations
grus-grus	iberia	https://raw.githubusercontent.com/RoqueAlonso/AvianVisitors/iberia-illustrations/avian/assets/illustrations
guaruba-guarouba	florida	https://raw.githubusercontent.com/SupraBitKid/AvianVisitors/avian-visitors/avian/assets/illustrations
gymnorhina-tibicen	canberra-act	https://raw.githubusercontent.com/opurtell/AvianVisitorsACT/main/avian/assets/illustrations
gyps-fulvus	iberia	https://raw.githubusercontent.com/RoqueAlonso/AvianVisitors/iberia-illustrations/avian/assets/illustrations
haematopus-finschi	canberra-act	https://raw.githubusercontent.com/opurtell/AvianVisitorsACT/main/avian/assets/illustrations
haematopus-fuliginosus	canberra-act	https://raw.githubusercontent.com/opurtell/AvianVisitorsACT/main/avian/assets/illustrations
haematopus-longirostris	canberra-act	https://raw.githubusercontent.com/opurtell/AvianVisitorsACT/main/avian/assets/illustrations
haematopus-ostralegus	iberia	https://raw.githubusercontent.com/RoqueAlonso/AvianVisitors/iberia-illustrations/avian/assets/illustrations
haematopus-palliatus	florida	https://raw.githubusercontent.com/SupraBitKid/AvianVisitors/avian-visitors/avian/assets/illustrations
haliaeetus-albicilla	iberia	https://raw.githubusercontent.com/RoqueAlonso/AvianVisitors/iberia-illustrations/avian/assets/illustrations
haliaeetus-leucogaster	canberra-act	https://raw.githubusercontent.com/opurtell/AvianVisitorsACT/main/avian/assets/illustrations
haliaeetus-pelagicus	gb-eng	https://raw.githubusercontent.com/lloydalexporter/AvianAssets_GB-ENG/main/illustrations
haliastur-sphenurus	canberra-act	https://raw.githubusercontent.com/opurtell/AvianVisitorsACT/main/avian/assets/illustrations
harpagus-bidentatus	florida	https://raw.githubusercontent.com/SupraBitKid/AvianVisitors/avian-visitors/avian/assets/illustrations
helmitheros-vermivorum	florida	https://raw.githubusercontent.com/SupraBitKid/AvianVisitors/avian-visitors/avian/assets/illustrations
helopsaltes-certhiola	gb-eng	https://raw.githubusercontent.com/lloydalexporter/AvianAssets_GB-ENG/main/illustrations
hieraaetus-pennatus	iberia	https://raw.githubusercontent.com/RoqueAlonso/AvianVisitors/iberia-illustrations/avian/assets/illustrations
himantopus-himantopus	iberia	https://raw.githubusercontent.com/RoqueAlonso/AvianVisitors/iberia-illustrations/avian/assets/illustrations
himantopus-leucocephalus	canberra-act	https://raw.githubusercontent.com/opurtell/AvianVisitorsACT/main/avian/assets/illustrations
hippolais-icterina	iberia	https://raw.githubusercontent.com/RoqueAlonso/AvianVisitors/iberia-illustrations/avian/assets/illustrations
hippolais-polyglotta	iberia	https://raw.githubusercontent.com/RoqueAlonso/AvianVisitors/iberia-illustrations/avian/assets/illustrations
hirundapus-caudacutus	gb-eng	https://raw.githubusercontent.com/lloydalexporter/AvianAssets_GB-ENG/main/illustrations
hirundo-neoxena	canberra-act	https://raw.githubusercontent.com/opurtell/AvianVisitorsACT/main/avian/assets/illustrations
histrionicus-histrionicus	gb-eng	https://raw.githubusercontent.com/lloydalexporter/AvianAssets_GB-ENG/main/illustrations
hydrobates-castro	gb-eng	https://raw.githubusercontent.com/lloydalexporter/AvianAssets_GB-ENG/main/illustrations
hydrobates-leucorhous	gb-eng	https://raw.githubusercontent.com/lloydalexporter/AvianAssets_GB-ENG/main/illustrations
hydrobates-monorhis	gb-eng	https://raw.githubusercontent.com/lloydalexporter/AvianAssets_GB-ENG/main/illustrations
hydrobates-pelagicus	iberia	https://raw.githubusercontent.com/RoqueAlonso/AvianVisitors/iberia-illustrations/avian/assets/illustrations
hydrocoloeus-minutus	iberia	https://raw.githubusercontent.com/RoqueAlonso/AvianVisitors/iberia-illustrations/avian/assets/illustrations
hylacola-cauta	canberra-act	https://raw.githubusercontent.com/opurtell/AvianVisitorsACT/main/avian/assets/illustrations
ichthyaetus-audouinii	iberia	https://raw.githubusercontent.com/RoqueAlonso/AvianVisitors/iberia-illustrations/avian/assets/illustrations
ichthyaetus-melanocephalus	iberia	https://raw.githubusercontent.com/RoqueAlonso/AvianVisitors/iberia-illustrations/avian/assets/illustrations
icterus-icterus	florida	https://raw.githubusercontent.com/SupraBitKid/AvianVisitors/avian-visitors/avian/assets/illustrations
icterus-pectoralis	florida	https://raw.githubusercontent.com/SupraBitKid/AvianVisitors/avian-visitors/avian/assets/illustrations
ictinia-mississippiensis	florida	https://raw.githubusercontent.com/SupraBitKid/AvianVisitors/avian-visitors/avian/assets/illustrations
iduna-caligata	gb-eng	https://raw.githubusercontent.com/lloydalexporter/AvianAssets_GB-ENG/main/illustrations
iduna-opaca	iberia	https://raw.githubusercontent.com/RoqueAlonso/AvianVisitors/iberia-illustrations/avian/assets/illustrations
iduna-pallida	gb-eng	https://raw.githubusercontent.com/lloydalexporter/AvianAssets_GB-ENG/main/illustrations
iduna-rama	gb-eng	https://raw.githubusercontent.com/lloydalexporter/AvianAssets_GB-ENG/main/illustrations
info	iberia	https://raw.githubusercontent.com/RoqueAlonso/AvianVisitors/iberia-illustrations/avian/assets/illustrations
irania-gutturalis	gb-eng	https://raw.githubusercontent.com/lloydalexporter/AvianAssets_GB-ENG/main/illustrations
ixobrychus-dubius	canberra-act	https://raw.githubusercontent.com/opurtell/AvianVisitorsACT/main/avian/assets/illustrations
ixobrychus-flavicollis	canberra-act	https://raw.githubusercontent.com/opurtell/AvianVisitorsACT/main/avian/assets/illustrations
jynx-torquilla	iberia	https://raw.githubusercontent.com/RoqueAlonso/AvianVisitors/iberia-illustrations/avian/assets/illustrations
lagonosticta-senegala	florida	https://raw.githubusercontent.com/SupraBitKid/AvianVisitors/avian-visitors/avian/assets/illustrations
lagopus-muta	switzerland	https://raw.githubusercontent.com/theskyisthelimit/AvianVisitors/europe-illustrations/avian/assets/illustrations
lalage-tricolor	canberra-act	https://raw.githubusercontent.com/opurtell/AvianVisitorsACT/main/avian/assets/illustrations
lamprotornis-caudatus	florida	https://raw.githubusercontent.com/SupraBitKid/AvianVisitors/avian-visitors/avian/assets/illustrations
lamprotornis-chalybaeus	iberia	https://raw.githubusercontent.com/RoqueAlonso/AvianVisitors/iberia-illustrations/avian/assets/illustrations
lamprotornis-chloropterus	iberia	https://raw.githubusercontent.com/RoqueAlonso/AvianVisitors/iberia-illustrations/avian/assets/illustrations
lamprotornis-superbus	florida	https://raw.githubusercontent.com/SupraBitKid/AvianVisitors/avian-visitors/avian/assets/illustrations
lanius-collurio	iberia	https://raw.githubusercontent.com/RoqueAlonso/AvianVisitors/iberia-illustrations/avian/assets/illustrations
lanius-cristatus	gb-eng	https://raw.githubusercontent.com/lloydalexporter/AvianAssets_GB-ENG/main/illustrations
lanius-excubitor	gb-eng	https://raw.githubusercontent.com/lloydalexporter/AvianAssets_GB-ENG/main/illustrations
lanius-isabellinus	gb-eng	https://raw.githubusercontent.com/lloydalexporter/AvianAssets_GB-ENG/main/illustrations
lanius-meridionalis	iberia	https://raw.githubusercontent.com/RoqueAlonso/AvianVisitors/iberia-illustrations/avian/assets/illustrations
lanius-minor	gb-eng	https://raw.githubusercontent.com/lloydalexporter/AvianAssets_GB-ENG/main/illustrations
lanius-nubicus	gb-eng	https://raw.githubusercontent.com/lloydalexporter/AvianAssets_GB-ENG/main/illustrations
lanius-phoenicuroides	gb-eng	https://raw.githubusercontent.com/lloydalexporter/AvianAssets_GB-ENG/main/illustrations
lanius-schach	gb-eng	https://raw.githubusercontent.com/lloydalexporter/AvianAssets_GB-ENG/main/illustrations
lanius-senator	iberia	https://raw.githubusercontent.com/RoqueAlonso/AvianVisitors/iberia-illustrations/avian/assets/illustrations
larosterna-inca	gb-eng	https://raw.githubusercontent.com/lloydalexporter/AvianAssets_GB-ENG/main/illustrations
larus-belcheri	florida	https://raw.githubusercontent.com/SupraBitKid/AvianVisitors/avian-visitors/avian/assets/illustrations
larus-cachinnans	iberia	https://raw.githubusercontent.com/RoqueAlonso/AvianVisitors/iberia-illustrations/avian/assets/illustrations
larus-canus	iberia	https://raw.githubusercontent.com/RoqueAlonso/AvianVisitors/iberia-illustrations/avian/assets/illustrations
larus-crassirostris	florida	https://raw.githubusercontent.com/SupraBitKid/AvianVisitors/avian-visitors/avian/assets/illustrations
larus-dominicanus	gb-eng	https://raw.githubusercontent.com/lloydalexporter/AvianAssets_GB-ENG/main/illustrations
larus-fuscus	iberia	https://raw.githubusercontent.com/RoqueAlonso/AvianVisitors/iberia-illustrations/avian/assets/illustrations
larus-glaucoides	iberia	https://raw.githubusercontent.com/RoqueAlonso/AvianVisitors/iberia-illustrations/avian/assets/illustrations
larus-hyperboreus	iberia	https://raw.githubusercontent.com/RoqueAlonso/AvianVisitors/iberia-illustrations/avian/assets/illustrations
larus-michahellis	iberia	https://raw.githubusercontent.com/RoqueAlonso/AvianVisitors/iberia-illustrations/avian/assets/illustrations
larus-schistisagus	gb-eng	https://raw.githubusercontent.com/lloydalexporter/AvianAssets_GB-ENG/main/illustrations
larus-smithsonianus	florida	https://raw.githubusercontent.com/SupraBitKid/AvianVisitors/avian-visitors/avian/assets/illustrations
larus-vegae	florida	https://raw.githubusercontent.com/SupraBitKid/AvianVisitors/avian-visitors/avian/assets/illustrations
larvivora-sibilans	gb-eng	https://raw.githubusercontent.com/lloydalexporter/AvianAssets_GB-ENG/main/illustrations
laterallus-jamaicensis	florida	https://raw.githubusercontent.com/SupraBitKid/AvianVisitors/avian-visitors/avian/assets/illustrations
lathamus-discolor	gb-eng	https://raw.githubusercontent.com/lloydalexporter/AvianAssets_GB-ENG/main/illustrations
legatus-leucophaius	florida	https://raw.githubusercontent.com/SupraBitKid/AvianVisitors/avian-visitors/avian/assets/illustrations
leiothrix-lutea	gb-eng	https://raw.githubusercontent.com/lloydalexporter/AvianAssets_GB-ENG/main/illustrations
leptoptilos-crumenifer	iberia	https://raw.githubusercontent.com/RoqueAlonso/AvianVisitors/iberia-illustrations/avian/assets/illustrations
leptotila-verreauxi	florida	https://raw.githubusercontent.com/SupraBitKid/AvianVisitors/avian-visitors/avian/assets/illustrations
leucophaeus-modestus	florida	https://raw.githubusercontent.com/SupraBitKid/AvianVisitors/avian-visitors/avian/assets/illustrations
leucosarcia-melanoleuca	canberra-act	https://raw.githubusercontent.com/opurtell/AvianVisitorsACT/main/avian/assets/illustrations
lewinia-pectoralis	canberra-act	https://raw.githubusercontent.com/opurtell/AvianVisitorsACT/main/avian/assets/illustrations
lichenostomus-cratitius	canberra-act	https://raw.githubusercontent.com/opurtell/AvianVisitorsACT/main/avian/assets/illustrations
lichenostomus-melanops	canberra-act	https://raw.githubusercontent.com/opurtell/AvianVisitorsACT/main/avian/assets/illustrations
lichmera-indistincta	canberra-act	https://raw.githubusercontent.com/opurtell/AvianVisitorsACT/main/avian/assets/illustrations
limnodromus-griseus	gb-eng	https://raw.githubusercontent.com/lloydalexporter/AvianAssets_GB-ENG/main/illustrations
limnodromus-scolopaceus	gb-eng	https://raw.githubusercontent.com/lloydalexporter/AvianAssets_GB-ENG/main/illustrations
limnodromus-semipalmatus	canberra-act	https://raw.githubusercontent.com/opurtell/AvianVisitorsACT/main/avian/assets/illustrations
limnothlypis-swainsonii	florida	https://raw.githubusercontent.com/SupraBitKid/AvianVisitors/avian-visitors/avian/assets/illustrations
limosa-haemastica	gb-eng	https://raw.githubusercontent.com/lloydalexporter/AvianAssets_GB-ENG/main/illustrations
limosa-lapponica	iberia	https://raw.githubusercontent.com/RoqueAlonso/AvianVisitors/iberia-illustrations/avian/assets/illustrations
limosa-limosa	iberia	https://raw.githubusercontent.com/RoqueAlonso/AvianVisitors/iberia-illustrations/avian/assets/illustrations
linaria-cannabina	iberia	https://raw.githubusercontent.com/RoqueAlonso/AvianVisitors/iberia-illustrations/avian/assets/illustrations
linaria-flavirostris	gb-eng	https://raw.githubusercontent.com/lloydalexporter/AvianAssets_GB-ENG/main/illustrations
locustella-fluviatilis	gb-eng	https://raw.githubusercontent.com/lloydalexporter/AvianAssets_GB-ENG/main/illustrations
locustella-lanceolata	gb-eng	https://raw.githubusercontent.com/lloydalexporter/AvianAssets_GB-ENG/main/illustrations
locustella-luscinioides	iberia	https://raw.githubusercontent.com/RoqueAlonso/AvianVisitors/iberia-illustrations/avian/assets/illustrations
locustella-naevia	iberia	https://raw.githubusercontent.com/RoqueAlonso/AvianVisitors/iberia-illustrations/avian/assets/illustrations
lonchura-atricapilla	gb-eng	https://raw.githubusercontent.com/lloydalexporter/AvianAssets_GB-ENG/main/illustrations
lonchura-castaneothorax	gb-eng	https://raw.githubusercontent.com/lloydalexporter/AvianAssets_GB-ENG/main/illustrations
lonchura-maja	gb-eng	https://raw.githubusercontent.com/lloydalexporter/AvianAssets_GB-ENG/main/illustrations
lonchura-malacca	florida	https://raw.githubusercontent.com/SupraBitKid/AvianVisitors/avian-visitors/avian/assets/illustrations
lonchura-punctulata	gb-eng	https://raw.githubusercontent.com/lloydalexporter/AvianAssets_GB-ENG/main/illustrations
lonchura-striata	gb-eng	https://raw.githubusercontent.com/lloydalexporter/AvianAssets_GB-ENG/main/illustrations
lophochroa-leadbeateri	canberra-act	https://raw.githubusercontent.com/opurtell/AvianVisitorsACT/main/avian/assets/illustrations
lophophanes-cristatus	iberia	https://raw.githubusercontent.com/RoqueAlonso/AvianVisitors/iberia-illustrations/avian/assets/illustrations
lophura-leucomelanos	gb-eng	https://raw.githubusercontent.com/lloydalexporter/AvianAssets_GB-ENG/main/illustrations
loxia-leucoptera	gb-eng	https://raw.githubusercontent.com/lloydalexporter/AvianAssets_GB-ENG/main/illustrations
loxia-pytyopsittacus	gb-eng	https://raw.githubusercontent.com/lloydalexporter/AvianAssets_GB-ENG/main/illustrations
lullula-arborea	iberia	https://raw.githubusercontent.com/RoqueAlonso/AvianVisitors/iberia-illustrations/avian/assets/illustrations
luscinia-luscinia	gb-eng	https://raw.githubusercontent.com/lloydalexporter/AvianAssets_GB-ENG/main/illustrations
luscinia-megarhynchos	iberia	https://raw.githubusercontent.com/RoqueAlonso/AvianVisitors/iberia-illustrations/avian/assets/illustrations
luscinia-svecica	iberia	https://raw.githubusercontent.com/RoqueAlonso/AvianVisitors/iberia-illustrations/avian/assets/illustrations
lymnocryptes-minimus	iberia	https://raw.githubusercontent.com/RoqueAlonso/AvianVisitors/iberia-illustrations/avian/assets/illustrations
lyrurus-tetrix	gb-eng	https://raw.githubusercontent.com/lloydalexporter/AvianAssets_GB-ENG/main/illustrations
macropygia-phasianella	canberra-act	https://raw.githubusercontent.com/opurtell/AvianVisitorsACT/main/avian/assets/illustrations
malacorhynchus-membranaceus	canberra-act	https://raw.githubusercontent.com/opurtell/AvianVisitorsACT/main/avian/assets/illustrations
malurus-assimilis	canberra-act	https://raw.githubusercontent.com/opurtell/AvianVisitorsACT/main/avian/assets/illustrations
malurus-cyaneus	canberra-act	https://raw.githubusercontent.com/opurtell/AvianVisitorsACT/main/avian/assets/illustrations
malurus-lamberti	canberra-act	https://raw.githubusercontent.com/opurtell/AvianVisitorsACT/main/avian/assets/illustrations
malurus-leucopterus	canberra-act	https://raw.githubusercontent.com/opurtell/AvianVisitorsACT/main/avian/assets/illustrations
malurus-splendens	canberra-act	https://raw.githubusercontent.com/opurtell/AvianVisitorsACT/main/avian/assets/illustrations
manorina-flavigula	canberra-act	https://raw.githubusercontent.com/opurtell/AvianVisitorsACT/main/avian/assets/illustrations
manorina-melanocephala	canberra-act	https://raw.githubusercontent.com/opurtell/AvianVisitorsACT/main/avian/assets/illustrations
manorina-melanophrys	canberra-act	https://raw.githubusercontent.com/opurtell/AvianVisitorsACT/main/avian/assets/illustrations
mareca-falcata	iberia	https://raw.githubusercontent.com/RoqueAlonso/AvianVisitors/iberia-illustrations/avian/assets/illustrations
mareca-penelope	iberia	https://raw.githubusercontent.com/RoqueAlonso/AvianVisitors/iberia-illustrations/avian/assets/illustrations
mareca-sibilatrix	gb-eng	https://raw.githubusercontent.com/lloydalexporter/AvianAssets_GB-ENG/main/illustrations
margarops-fuscatus	florida	https://raw.githubusercontent.com/SupraBitKid/AvianVisitors/avian-visitors/avian/assets/illustrations
melanerpes-aurifrons	florida	https://raw.githubusercontent.com/SupraBitKid/AvianVisitors/avian-visitors/avian/assets/illustrations
melanitta-americana	gb-eng	https://raw.githubusercontent.com/lloydalexporter/AvianAssets_GB-ENG/main/illustrations
melanitta-fusca	gb-eng	https://raw.githubusercontent.com/lloydalexporter/AvianAssets_GB-ENG/main/illustrations
melanitta-nigra	gb-eng	https://raw.githubusercontent.com/lloydalexporter/AvianAssets_GB-ENG/main/illustrations
melanitta-perspicillata	gb-eng	https://raw.githubusercontent.com/lloydalexporter/AvianAssets_GB-ENG/main/illustrations
melanocorypha-calandra	iberia	https://raw.githubusercontent.com/RoqueAlonso/AvianVisitors/iberia-illustrations/avian/assets/illustrations
melanodryas-cucullata	canberra-act	https://raw.githubusercontent.com/opurtell/AvianVisitorsACT/main/avian/assets/illustrations
melanospiza-bicolor	florida	https://raw.githubusercontent.com/SupraBitKid/AvianVisitors/avian-visitors/avian/assets/illustrations
meliphaga-lewinii	canberra-act	https://raw.githubusercontent.com/opurtell/AvianVisitorsACT/main/avian/assets/illustrations
melithreptus-brevirostris	canberra-act	https://raw.githubusercontent.com/opurtell/AvianVisitorsACT/main/avian/assets/illustrations
melithreptus-gularis	canberra-act	https://raw.githubusercontent.com/opurtell/AvianVisitorsACT/main/avian/assets/illustrations
melithreptus-lunatus	canberra-act	https://raw.githubusercontent.com/opurtell/AvianVisitorsACT/main/avian/assets/illustrations
melopsittacus-undulatus	iberia	https://raw.githubusercontent.com/RoqueAlonso/AvianVisitors/iberia-illustrations/avian/assets/illustrations
menu	iberia	https://raw.githubusercontent.com/RoqueAlonso/AvianVisitors/iberia-illustrations/avian/assets/illustrations
menura-novaehollandiae	canberra-act	https://raw.githubusercontent.com/opurtell/AvianVisitorsACT/main/avian/assets/illustrations
mergellus-albellus	iberia	https://raw.githubusercontent.com/RoqueAlonso/AvianVisitors/iberia-illustrations/avian/assets/illustrations
mergus-serrator	iberia	https://raw.githubusercontent.com/RoqueAlonso/AvianVisitors/iberia-illustrations/avian/assets/illustrations
merops-apiaster	iberia	https://raw.githubusercontent.com/RoqueAlonso/AvianVisitors/iberia-illustrations/avian/assets/illustrations
merops-ornatus	canberra-act	https://raw.githubusercontent.com/opurtell/AvianVisitorsACT/main/avian/assets/illustrations
merops-persicus	gb-eng	https://raw.githubusercontent.com/lloydalexporter/AvianAssets_GB-ENG/main/illustrations
microeca-fascinans	canberra-act	https://raw.githubusercontent.com/opurtell/AvianVisitorsACT/main/avian/assets/illustrations
milvus-migrans	iberia	https://raw.githubusercontent.com/RoqueAlonso/AvianVisitors/iberia-illustrations/avian/assets/illustrations
milvus-milvus	iberia	https://raw.githubusercontent.com/RoqueAlonso/AvianVisitors/iberia-illustrations/avian/assets/illustrations
mimus-gilvus	florida	https://raw.githubusercontent.com/SupraBitKid/AvianVisitors/avian-visitors/avian/assets/illustrations
mimus-gundlachii	florida	https://raw.githubusercontent.com/SupraBitKid/AvianVisitors/avian-visitors/avian/assets/illustrations
mirafra-cantillans	canberra-act	https://raw.githubusercontent.com/opurtell/AvianVisitorsACT/main/avian/assets/illustrations
mirafra-javanica	canberra-act	https://raw.githubusercontent.com/opurtell/AvianVisitorsACT/main/avian/assets/illustrations
molothrus-aeneus	florida	https://raw.githubusercontent.com/SupraBitKid/AvianVisitors/avian-visitors/avian/assets/illustrations
molothrus-bonariensis	florida	https://raw.githubusercontent.com/SupraBitKid/AvianVisitors/avian-visitors/avian/assets/illustrations
monarcha-melanopsis	canberra-act	https://raw.githubusercontent.com/opurtell/AvianVisitorsACT/main/avian/assets/illustrations
monticola-saxatilis	iberia	https://raw.githubusercontent.com/RoqueAlonso/AvianVisitors/iberia-illustrations/avian/assets/illustrations
monticola-solitarius	iberia	https://raw.githubusercontent.com/RoqueAlonso/AvianVisitors/iberia-illustrations/avian/assets/illustrations
montifringilla-nivalis	iberia	https://raw.githubusercontent.com/RoqueAlonso/AvianVisitors/iberia-illustrations/avian/assets/illustrations
morus-bassanus	gb-eng	https://raw.githubusercontent.com/lloydalexporter/AvianAssets_GB-ENG/main/illustrations
motacilla-alba	iberia	https://raw.githubusercontent.com/RoqueAlonso/AvianVisitors/iberia-illustrations/avian/assets/illustrations
motacilla-cinerea	iberia	https://raw.githubusercontent.com/RoqueAlonso/AvianVisitors/iberia-illustrations/avian/assets/illustrations
motacilla-citreola	iberia	https://raw.githubusercontent.com/RoqueAlonso/AvianVisitors/iberia-illustrations/avian/assets/illustrations
motacilla-flava	iberia	https://raw.githubusercontent.com/RoqueAlonso/AvianVisitors/iberia-illustrations/avian/assets/illustrations
motacilla-tschutschensis	gb-eng	https://raw.githubusercontent.com/lloydalexporter/AvianAssets_GB-ENG/main/illustrations
muscicapa-dauurica	gb-eng	https://raw.githubusercontent.com/lloydalexporter/AvianAssets_GB-ENG/main/illustrations
muscicapa-striata	iberia	https://raw.githubusercontent.com/RoqueAlonso/AvianVisitors/iberia-illustrations/avian/assets/illustrations
mycteria-americana	florida	https://raw.githubusercontent.com/SupraBitKid/AvianVisitors/avian-visitors/avian/assets/illustrations
myiagra-cyanoleuca	canberra-act	https://raw.githubusercontent.com/opurtell/AvianVisitorsACT/main/avian/assets/illustrations
myiagra-inquieta	canberra-act	https://raw.githubusercontent.com/opurtell/AvianVisitorsACT/main/avian/assets/illustrations
myiagra-rubecula	canberra-act	https://raw.githubusercontent.com/opurtell/AvianVisitorsACT/main/avian/assets/illustrations
myiarchus-sagrae	florida	https://raw.githubusercontent.com/SupraBitKid/AvianVisitors/avian-visitors/avian/assets/illustrations
myiarchus-tyrannulus	florida	https://raw.githubusercontent.com/SupraBitKid/AvianVisitors/avian-visitors/avian/assets/illustrations
myiodynastes-luteiventris	florida	https://raw.githubusercontent.com/SupraBitKid/AvianVisitors/avian-visitors/avian/assets/illustrations
myiopsitta-monachus	iberia	https://raw.githubusercontent.com/RoqueAlonso/AvianVisitors/iberia-illustrations/avian/assets/illustrations
myzomela-sanguinolenta	canberra-act	https://raw.githubusercontent.com/opurtell/AvianVisitorsACT/main/avian/assets/illustrations
neochmia-temporalis	canberra-act	https://raw.githubusercontent.com/opurtell/AvianVisitorsACT/main/avian/assets/illustrations
neophema-pulchella	canberra-act	https://raw.githubusercontent.com/opurtell/AvianVisitorsACT/main/avian/assets/illustrations
nesoptilotis-leucotis	canberra-act	https://raw.githubusercontent.com/opurtell/AvianVisitorsACT/main/avian/assets/illustrations
netta-rufina	iberia	https://raw.githubusercontent.com/RoqueAlonso/AvianVisitors/iberia-illustrations/avian/assets/illustrations
nettapus-coromandelianus	canberra-act	https://raw.githubusercontent.com/opurtell/AvianVisitorsACT/main/avian/assets/illustrations
ninox-boobook	gb-eng	https://raw.githubusercontent.com/lloydalexporter/AvianAssets_GB-ENG/main/illustrations
ninox-connivens	canberra-act	https://raw.githubusercontent.com/opurtell/AvianVisitorsACT/main/avian/assets/illustrations
ninox-strenua	canberra-act	https://raw.githubusercontent.com/opurtell/AvianVisitorsACT/main/avian/assets/illustrations
northiella-haematogaster	canberra-act	https://raw.githubusercontent.com/opurtell/AvianVisitorsACT/main/avian/assets/illustrations
nucifraga-caryocatactes	gb-eng	https://raw.githubusercontent.com/lloydalexporter/AvianAssets_GB-ENG/main/illustrations
numenius-arquata	iberia	https://raw.githubusercontent.com/RoqueAlonso/AvianVisitors/iberia-illustrations/avian/assets/illustrations
numenius-madagascariensis	canberra-act	https://raw.githubusercontent.com/opurtell/AvianVisitorsACT/main/avian/assets/illustrations
numenius-minutus	gb-eng	https://raw.githubusercontent.com/lloydalexporter/AvianAssets_GB-ENG/main/illustrations
numenius-phaeopus	iberia	https://raw.githubusercontent.com/RoqueAlonso/AvianVisitors/iberia-illustrations/avian/assets/illustrations
numida-meleagris	gb-eng	https://raw.githubusercontent.com/lloydalexporter/AvianAssets_GB-ENG/main/illustrations
nyctanassa-violacea	florida	https://raw.githubusercontent.com/SupraBitKid/AvianVisitors/avian-visitors/avian/assets/illustrations
nymphicus-hollandicus	iberia	https://raw.githubusercontent.com/RoqueAlonso/AvianVisitors/iberia-illustrations/avian/assets/illustrations
ocyphaps-lophotes	canberra-act	https://raw.githubusercontent.com/opurtell/AvianVisitorsACT/main/avian/assets/illustrations
oenanthe-deserti	iberia	https://raw.githubusercontent.com/RoqueAlonso/AvianVisitors/iberia-illustrations/avian/assets/illustrations
oenanthe-hispanica	iberia	https://raw.githubusercontent.com/RoqueAlonso/AvianVisitors/iberia-illustrations/avian/assets/illustrations
oenanthe-isabellina	gb-eng	https://raw.githubusercontent.com/lloydalexporter/AvianAssets_GB-ENG/main/illustrations
oenanthe-leucopyga	gb-eng	https://raw.githubusercontent.com/lloydalexporter/AvianAssets_GB-ENG/main/illustrations
oenanthe-leucura	iberia	https://raw.githubusercontent.com/RoqueAlonso/AvianVisitors/iberia-illustrations/avian/assets/illustrations
oenanthe-melanoleuca	gb-eng	https://raw.githubusercontent.com/lloydalexporter/AvianAssets_GB-ENG/main/illustrations
oenanthe-oenanthe	iberia	https://raw.githubusercontent.com/RoqueAlonso/AvianVisitors/iberia-illustrations/avian/assets/illustrations
oenanthe-pleschanka	gb-eng	https://raw.githubusercontent.com/lloydalexporter/AvianAssets_GB-ENG/main/illustrations
onychoprion-anaethetus	gb-eng	https://raw.githubusercontent.com/lloydalexporter/AvianAssets_GB-ENG/main/illustrations
onychoprion-fuscatus	gb-eng	https://raw.githubusercontent.com/lloydalexporter/AvianAssets_GB-ENG/main/illustrations
oporornis-agilis	florida	https://raw.githubusercontent.com/SupraBitKid/AvianVisitors/avian-visitors/avian/assets/illustrations
oreoica-gutturalis	canberra-act	https://raw.githubusercontent.com/opurtell/AvianVisitorsACT/main/avian/assets/illustrations
oreoscoptes-montanus	florida	https://raw.githubusercontent.com/SupraBitKid/AvianVisitors/avian-visitors/avian/assets/illustrations
oressochen-jubatus	gb-eng	https://raw.githubusercontent.com/lloydalexporter/AvianAssets_GB-ENG/main/illustrations
oriolus-kundoo	gb-eng	https://raw.githubusercontent.com/lloydalexporter/AvianAssets_GB-ENG/main/illustrations
oriolus-oriolus	iberia	https://raw.githubusercontent.com/RoqueAlonso/AvianVisitors/iberia-illustrations/avian/assets/illustrations
oriolus-sagittatus	canberra-act	https://raw.githubusercontent.com/opurtell/AvianVisitorsACT/main/avian/assets/illustrations
otus-bakkamoena	gb-eng	https://raw.githubusercontent.com/lloydalexporter/AvianAssets_GB-ENG/main/illustrations
otus-scops	iberia	https://raw.githubusercontent.com/RoqueAlonso/AvianVisitors/iberia-illustrations/avian/assets/illustrations
overview	iberia	https://raw.githubusercontent.com/RoqueAlonso/AvianVisitors/iberia-illustrations/avian/assets/illustrations
oxyura-jamaicensis	iberia	https://raw.githubusercontent.com/RoqueAlonso/AvianVisitors/iberia-illustrations/avian/assets/illustrations
pachycephala-inornata	canberra-act	https://raw.githubusercontent.com/opurtell/AvianVisitorsACT/main/avian/assets/illustrations
pachycephala-olivacea	canberra-act	https://raw.githubusercontent.com/opurtell/AvianVisitorsACT/main/avian/assets/illustrations
pachycephala-pectoralis	canberra-act	https://raw.githubusercontent.com/opurtell/AvianVisitorsACT/main/avian/assets/illustrations
pachycephala-rufiventris	canberra-act	https://raw.githubusercontent.com/opurtell/AvianVisitorsACT/main/avian/assets/illustrations
padda-oryzivora	gb-eng	https://raw.githubusercontent.com/lloydalexporter/AvianAssets_GB-ENG/main/illustrations
panurus-biarmicus	iberia	https://raw.githubusercontent.com/RoqueAlonso/AvianVisitors/iberia-illustrations/avian/assets/illustrations
parabuteo-unicinctus	iberia	https://raw.githubusercontent.com/RoqueAlonso/AvianVisitors/iberia-illustrations/avian/assets/illustrations
pardalotus-punctatus	canberra-act	https://raw.githubusercontent.com/opurtell/AvianVisitorsACT/main/avian/assets/illustrations
pardalotus-striatus	canberra-act	https://raw.githubusercontent.com/opurtell/AvianVisitorsACT/main/avian/assets/illustrations
parkesia-motacilla	florida	https://raw.githubusercontent.com/SupraBitKid/AvianVisitors/avian-visitors/avian/assets/illustrations
paroaria-coronata	gb-eng	https://raw.githubusercontent.com/lloydalexporter/AvianAssets_GB-ENG/main/illustrations
parus-major	iberia	https://raw.githubusercontent.com/RoqueAlonso/AvianVisitors/iberia-illustrations/avian/assets/illustrations
parvipsitta-porphyrocephala	canberra-act	https://raw.githubusercontent.com/opurtell/AvianVisitorsACT/main/avian/assets/illustrations
parvipsitta-pusilla	canberra-act	https://raw.githubusercontent.com/opurtell/AvianVisitorsACT/main/avian/assets/illustrations
passer-hispaniolensis	iberia	https://raw.githubusercontent.com/RoqueAlonso/AvianVisitors/iberia-illustrations/avian/assets/illustrations
passer-montanus	iberia	https://raw.githubusercontent.com/RoqueAlonso/AvianVisitors/iberia-illustrations/avian/assets/illustrations
passerina-caerulea	florida	https://raw.githubusercontent.com/SupraBitKid/AvianVisitors/avian-visitors/avian/assets/illustrations
passerina-ciris	gb-eng	https://raw.githubusercontent.com/lloydalexporter/AvianAssets_GB-ENG/main/illustrations
pastor-roseus	iberia	https://raw.githubusercontent.com/RoqueAlonso/AvianVisitors/iberia-illustrations/avian/assets/illustrations
patagioenas-leucocephala	florida	https://raw.githubusercontent.com/SupraBitKid/AvianVisitors/avian-visitors/avian/assets/illustrations
patagioenas-squamosa	florida	https://raw.githubusercontent.com/SupraBitKid/AvianVisitors/avian-visitors/avian/assets/illustrations
pavo-cristatus	iberia	https://raw.githubusercontent.com/RoqueAlonso/AvianVisitors/iberia-illustrations/avian/assets/illustrations
pavo-muticus	florida	https://raw.githubusercontent.com/SupraBitKid/AvianVisitors/avian-visitors/avian/assets/illustrations
pelecanus-conspicillatus	canberra-act	https://raw.githubusercontent.com/opurtell/AvianVisitorsACT/main/avian/assets/illustrations
pelecanus-onocrotalus	florida	https://raw.githubusercontent.com/SupraBitKid/AvianVisitors/avian-visitors/avian/assets/illustrations
perdix-perdix	gb-eng	https://raw.githubusercontent.com/lloydalexporter/AvianAssets_GB-ENG/main/illustrations
periparus-ater	iberia	https://raw.githubusercontent.com/RoqueAlonso/AvianVisitors/iberia-illustrations/avian/assets/illustrations
pernis-apivorus	iberia	https://raw.githubusercontent.com/RoqueAlonso/AvianVisitors/iberia-illustrations/avian/assets/illustrations
petrochelidon-ariel	canberra-act	https://raw.githubusercontent.com/opurtell/AvianVisitorsACT/main/avian/assets/illustrations
petrochelidon-fulva	florida	https://raw.githubusercontent.com/SupraBitKid/AvianVisitors/avian-visitors/avian/assets/illustrations
petrochelidon-nigricans	canberra-act	https://raw.githubusercontent.com/opurtell/AvianVisitorsACT/main/avian/assets/illustrations
petroica-boodang	canberra-act	https://raw.githubusercontent.com/opurtell/AvianVisitorsACT/main/avian/assets/illustrations
petroica-goodenovii	canberra-act	https://raw.githubusercontent.com/opurtell/AvianVisitorsACT/main/avian/assets/illustrations
petroica-phoenicea	canberra-act	https://raw.githubusercontent.com/opurtell/AvianVisitorsACT/main/avian/assets/illustrations
petroica-rodinogaster	canberra-act	https://raw.githubusercontent.com/opurtell/AvianVisitorsACT/main/avian/assets/illustrations
petroica-rosea	canberra-act	https://raw.githubusercontent.com/opurtell/AvianVisitorsACT/main/avian/assets/illustrations
petronia-petronia	iberia	https://raw.githubusercontent.com/RoqueAlonso/AvianVisitors/iberia-illustrations/avian/assets/illustrations
peucaea-aestivalis	florida	https://raw.githubusercontent.com/SupraBitKid/AvianVisitors/avian-visitors/avian/assets/illustrations
pezoporus-wallicus	canberra-act	https://raw.githubusercontent.com/opurtell/AvianVisitorsACT/main/avian/assets/illustrations
phaethon-aethereus	gb-eng	https://raw.githubusercontent.com/lloydalexporter/AvianAssets_GB-ENG/main/illustrations
phaethon-lepturus	florida	https://raw.githubusercontent.com/SupraBitKid/AvianVisitors/avian-visitors/avian/assets/illustrations
phaetusa-simplex	florida	https://raw.githubusercontent.com/SupraBitKid/AvianVisitors/avian-visitors/avian/assets/illustrations
phalacrocorax-carbo	iberia	https://raw.githubusercontent.com/RoqueAlonso/AvianVisitors/iberia-illustrations/avian/assets/illustrations
phalaropus-fulicarius	iberia	https://raw.githubusercontent.com/RoqueAlonso/AvianVisitors/iberia-illustrations/avian/assets/illustrations
phalaropus-lobatus	iberia	https://raw.githubusercontent.com/RoqueAlonso/AvianVisitors/iberia-illustrations/avian/assets/illustrations
phalaropus-tricolor	iberia	https://raw.githubusercontent.com/RoqueAlonso/AvianVisitors/iberia-illustrations/avian/assets/illustrations
phaps-chalcoptera	canberra-act	https://raw.githubusercontent.com/opurtell/AvianVisitorsACT/main/avian/assets/illustrations
phaps-elegans	canberra-act	https://raw.githubusercontent.com/opurtell/AvianVisitorsACT/main/avian/assets/illustrations
philemon-citreogularis	canberra-act	https://raw.githubusercontent.com/opurtell/AvianVisitorsACT/main/avian/assets/illustrations
philemon-corniculatus	canberra-act	https://raw.githubusercontent.com/opurtell/AvianVisitorsACT/main/avian/assets/illustrations
phoeniconaias-minor	iberia	https://raw.githubusercontent.com/RoqueAlonso/AvianVisitors/iberia-illustrations/avian/assets/illustrations
phoenicopterus-chilensis	iberia	https://raw.githubusercontent.com/RoqueAlonso/AvianVisitors/iberia-illustrations/avian/assets/illustrations
phoenicopterus-roseus	iberia	https://raw.githubusercontent.com/RoqueAlonso/AvianVisitors/iberia-illustrations/avian/assets/illustrations
phoenicopterus-ruber	gb-eng	https://raw.githubusercontent.com/lloydalexporter/AvianAssets_GB-ENG/main/illustrations
phoenicurus-leucocephalus	gb-eng	https://raw.githubusercontent.com/lloydalexporter/AvianAssets_GB-ENG/main/illustrations
phoenicurus-ochruros	iberia	https://raw.githubusercontent.com/RoqueAlonso/AvianVisitors/iberia-illustrations/avian/assets/illustrations
phoenicurus-phoenicurus	iberia	https://raw.githubusercontent.com/RoqueAlonso/AvianVisitors/iberia-illustrations/avian/assets/illustrations
phylidonyris-niger	canberra-act	https://raw.githubusercontent.com/opurtell/AvianVisitorsACT/main/avian/assets/illustrations
phylidonyris-novaehollandiae	canberra-act	https://raw.githubusercontent.com/opurtell/AvianVisitorsACT/main/avian/assets/illustrations
phylidonyris-pyrrhopterus	canberra-act	https://raw.githubusercontent.com/opurtell/AvianVisitorsACT/main/avian/assets/illustrations
phylloscopus-bonelli	iberia	https://raw.githubusercontent.com/RoqueAlonso/AvianVisitors/iberia-illustrations/avian/assets/illustrations
phylloscopus-borealis	gb-eng	https://raw.githubusercontent.com/lloydalexporter/AvianAssets_GB-ENG/main/illustrations
phylloscopus-collybita	iberia	https://raw.githubusercontent.com/RoqueAlonso/AvianVisitors/iberia-illustrations/avian/assets/illustrations
phylloscopus-coronatus	gb-eng	https://raw.githubusercontent.com/lloydalexporter/AvianAssets_GB-ENG/main/illustrations
phylloscopus-fuscatus	gb-eng	https://raw.githubusercontent.com/lloydalexporter/AvianAssets_GB-ENG/main/illustrations
phylloscopus-griseolus	gb-eng	https://raw.githubusercontent.com/lloydalexporter/AvianAssets_GB-ENG/main/illustrations
phylloscopus-humei	gb-eng	https://raw.githubusercontent.com/lloydalexporter/AvianAssets_GB-ENG/main/illustrations
phylloscopus-ibericus	iberia	https://raw.githubusercontent.com/RoqueAlonso/AvianVisitors/iberia-illustrations/avian/assets/illustrations
phylloscopus-inornatus	iberia	https://raw.githubusercontent.com/RoqueAlonso/AvianVisitors/iberia-illustrations/avian/assets/illustrations
phylloscopus-nitidus	gb-eng	https://raw.githubusercontent.com/lloydalexporter/AvianAssets_GB-ENG/main/illustrations
phylloscopus-orientalis	gb-eng	https://raw.githubusercontent.com/lloydalexporter/AvianAssets_GB-ENG/main/illustrations
phylloscopus-plumbeitarsus	gb-eng	https://raw.githubusercontent.com/lloydalexporter/AvianAssets_GB-ENG/main/illustrations
phylloscopus-proregulus	iberia	https://raw.githubusercontent.com/RoqueAlonso/AvianVisitors/iberia-illustrations/avian/assets/illustrations
phylloscopus-schwarzi	gb-eng	https://raw.githubusercontent.com/lloydalexporter/AvianAssets_GB-ENG/main/illustrations
phylloscopus-sibilatrix	iberia	https://raw.githubusercontent.com/RoqueAlonso/AvianVisitors/iberia-illustrations/avian/assets/illustrations
phylloscopus-tenellipes	gb-eng	https://raw.githubusercontent.com/lloydalexporter/AvianAssets_GB-ENG/main/illustrations
phylloscopus-trochiloides	gb-eng	https://raw.githubusercontent.com/lloydalexporter/AvianAssets_GB-ENG/main/illustrations
phylloscopus-trochilus	iberia	https://raw.githubusercontent.com/RoqueAlonso/AvianVisitors/iberia-illustrations/avian/assets/illustrations
pica-hudsonia	florida	https://raw.githubusercontent.com/SupraBitKid/AvianVisitors/avian-visitors/avian/assets/illustrations
pica-pica	iberia	https://raw.githubusercontent.com/RoqueAlonso/AvianVisitors/iberia-illustrations/avian/assets/illustrations
pica-serica	canberra-act	https://raw.githubusercontent.com/opurtell/AvianVisitorsACT/main/avian/assets/illustrations
picoides-tridactylus	switzerland	https://raw.githubusercontent.com/theskyisthelimit/AvianVisitors/europe-illustrations/avian/assets/illustrations
picus-canus	switzerland	https://raw.githubusercontent.com/theskyisthelimit/AvianVisitors/europe-illustrations/avian/assets/illustrations
picus-sharpei	iberia	https://raw.githubusercontent.com/RoqueAlonso/AvianVisitors/iberia-illustrations/avian/assets/illustrations
picus-viridis	iberia	https://raw.githubusercontent.com/RoqueAlonso/AvianVisitors/iberia-illustrations/avian/assets/illustrations
pionites-melanocephalus	gb-eng	https://raw.githubusercontent.com/lloydalexporter/AvianAssets_GB-ENG/main/illustrations
pionus-maximiliani	gb-eng	https://raw.githubusercontent.com/lloydalexporter/AvianAssets_GB-ENG/main/illustrations
pionus-menstruus	gb-eng	https://raw.githubusercontent.com/lloydalexporter/AvianAssets_GB-ENG/main/illustrations
pionus-senilis	gb-eng	https://raw.githubusercontent.com/lloydalexporter/AvianAssets_GB-ENG/main/illustrations
platalea-ajaja	florida	https://raw.githubusercontent.com/SupraBitKid/AvianVisitors/avian-visitors/avian/assets/illustrations
platalea-leucorodia	iberia	https://raw.githubusercontent.com/RoqueAlonso/AvianVisitors/iberia-illustrations/avian/assets/illustrations
platycercus-adscitus	gb-eng	https://raw.githubusercontent.com/lloydalexporter/AvianAssets_GB-ENG/main/illustrations
platycercus-elegans	gb-eng	https://raw.githubusercontent.com/lloydalexporter/AvianAssets_GB-ENG/main/illustrations
platycercus-eximius	iberia	https://raw.githubusercontent.com/RoqueAlonso/AvianVisitors/iberia-illustrations/avian/assets/illustrations
plectorhyncha-lanceolata	canberra-act	https://raw.githubusercontent.com/opurtell/AvianVisitorsACT/main/avian/assets/illustrations
plectrophenax-nivalis	iberia	https://raw.githubusercontent.com/RoqueAlonso/AvianVisitors/iberia-illustrations/avian/assets/illustrations
plegadis-falcinellus	iberia	https://raw.githubusercontent.com/RoqueAlonso/AvianVisitors/iberia-illustrations/avian/assets/illustrations
ploceus-cucullatus	gb-eng	https://raw.githubusercontent.com/lloydalexporter/AvianAssets_GB-ENG/main/illustrations
ploceus-melanocephalus	iberia	https://raw.githubusercontent.com/RoqueAlonso/AvianVisitors/iberia-illustrations/avian/assets/illustrations
ploceus-velatus	gb-eng	https://raw.githubusercontent.com/lloydalexporter/AvianAssets_GB-ENG/main/illustrations
pluvialis-apricaria	iberia	https://raw.githubusercontent.com/RoqueAlonso/AvianVisitors/iberia-illustrations/avian/assets/illustrations
pluvialis-dominica	iberia	https://raw.githubusercontent.com/RoqueAlonso/AvianVisitors/iberia-illustrations/avian/assets/illustrations
pluvialis-fulva	gb-eng	https://raw.githubusercontent.com/lloydalexporter/AvianAssets_GB-ENG/main/illustrations
podargus-strigoides	canberra-act	https://raw.githubusercontent.com/opurtell/AvianVisitorsACT/main/avian/assets/illustrations
podiceps-auritus	iberia	https://raw.githubusercontent.com/RoqueAlonso/AvianVisitors/iberia-illustrations/avian/assets/illustrations
podiceps-cristatus	iberia	https://raw.githubusercontent.com/RoqueAlonso/AvianVisitors/iberia-illustrations/avian/assets/illustrations
podiceps-grisegena	iberia	https://raw.githubusercontent.com/RoqueAlonso/AvianVisitors/iberia-illustrations/avian/assets/illustrations
poecile-carolinensis	florida	https://raw.githubusercontent.com/SupraBitKid/AvianVisitors/avian-visitors/avian/assets/illustrations
poecile-montanus	gb-eng	https://raw.githubusercontent.com/lloydalexporter/AvianAssets_GB-ENG/main/illustrations
poecile-palustris	gb-eng	https://raw.githubusercontent.com/lloydalexporter/AvianAssets_GB-ENG/main/illustrations
poicephalus-flavifrons	florida	https://raw.githubusercontent.com/SupraBitKid/AvianVisitors/avian-visitors/avian/assets/illustrations
poicephalus-meyeri	gb-eng	https://raw.githubusercontent.com/lloydalexporter/AvianAssets_GB-ENG/main/illustrations
poicephalus-senegalus	iberia	https://raw.githubusercontent.com/RoqueAlonso/AvianVisitors/iberia-illustrations/avian/assets/illustrations
polytelis-anthopeplus	switzerland	https://raw.githubusercontent.com/theskyisthelimit/AvianVisitors/europe-illustrations/avian/assets/illustrations
polytelis-swainsonii	gb-eng	https://raw.githubusercontent.com/lloydalexporter/AvianAssets_GB-ENG/main/illustrations
pomatostomus-ruficeps	canberra-act	https://raw.githubusercontent.com/opurtell/AvianVisitorsACT/main/avian/assets/illustrations
pomatostomus-superciliosus	canberra-act	https://raw.githubusercontent.com/opurtell/AvianVisitorsACT/main/avian/assets/illustrations
pomatostomus-temporalis	canberra-act	https://raw.githubusercontent.com/opurtell/AvianVisitorsACT/main/avian/assets/illustrations
poodytes-gramineus	canberra-act	https://raw.githubusercontent.com/opurtell/AvianVisitorsACT/main/avian/assets/illustrations
porphyrio-martinica	gb-eng	https://raw.githubusercontent.com/lloydalexporter/AvianAssets_GB-ENG/main/illustrations
porphyrio-melanotus	canberra-act	https://raw.githubusercontent.com/opurtell/AvianVisitorsACT/main/avian/assets/illustrations
porphyrio-poliocephalus	gb-eng	https://raw.githubusercontent.com/lloydalexporter/AvianAssets_GB-ENG/main/illustrations
porphyrio-porphyrio	iberia	https://raw.githubusercontent.com/RoqueAlonso/AvianVisitors/iberia-illustrations/avian/assets/illustrations
porzana-porzana	iberia	https://raw.githubusercontent.com/RoqueAlonso/AvianVisitors/iberia-illustrations/avian/assets/illustrations
progne-elegans	florida	https://raw.githubusercontent.com/SupraBitKid/AvianVisitors/avian-visitors/avian/assets/illustrations
protonotaria-citrea	florida	https://raw.githubusercontent.com/SupraBitKid/AvianVisitors/avian-visitors/avian/assets/illustrations
prunella-collaris	iberia	https://raw.githubusercontent.com/RoqueAlonso/AvianVisitors/iberia-illustrations/avian/assets/illustrations
prunella-modularis	iberia	https://raw.githubusercontent.com/RoqueAlonso/AvianVisitors/iberia-illustrations/avian/assets/illustrations
prunella-montanella	gb-eng	https://raw.githubusercontent.com/lloydalexporter/AvianAssets_GB-ENG/main/illustrations
psephotus-haematonotus	iberia	https://raw.githubusercontent.com/RoqueAlonso/AvianVisitors/iberia-illustrations/avian/assets/illustrations
psephotus-varius	canberra-act	https://raw.githubusercontent.com/opurtell/AvianVisitorsACT/main/avian/assets/illustrations
psiloscops-flammeolus	florida	https://raw.githubusercontent.com/SupraBitKid/AvianVisitors/avian-visitors/avian/assets/illustrations
psittacara-erythrogenys	florida	https://raw.githubusercontent.com/SupraBitKid/AvianVisitors/avian-visitors/avian/assets/illustrations
psittacara-finschi	florida	https://raw.githubusercontent.com/SupraBitKid/AvianVisitors/avian-visitors/avian/assets/illustrations
psittacara-holochlorus	gb-eng	https://raw.githubusercontent.com/lloydalexporter/AvianAssets_GB-ENG/main/illustrations
psittacara-leucophthalmus	gb-eng	https://raw.githubusercontent.com/lloydalexporter/AvianAssets_GB-ENG/main/illustrations
psittacara-mitratus	florida	https://raw.githubusercontent.com/SupraBitKid/AvianVisitors/avian-visitors/avian/assets/illustrations
psittacara-wagleri	florida	https://raw.githubusercontent.com/SupraBitKid/AvianVisitors/avian-visitors/avian/assets/illustrations
psittacula-alexandri	gb-eng	https://raw.githubusercontent.com/lloydalexporter/AvianAssets_GB-ENG/main/illustrations
psittacula-columboides	florida	https://raw.githubusercontent.com/SupraBitKid/AvianVisitors/avian-visitors/avian/assets/illustrations
psittacula-cyanocephala	gb-eng	https://raw.githubusercontent.com/lloydalexporter/AvianAssets_GB-ENG/main/illustrations
psittacula-eupatria	gb-eng	https://raw.githubusercontent.com/lloydalexporter/AvianAssets_GB-ENG/main/illustrations
psittacula-himalayana	canberra-act	https://raw.githubusercontent.com/opurtell/AvianVisitorsACT/main/avian/assets/illustrations
psittacula-krameri	iberia	https://raw.githubusercontent.com/RoqueAlonso/AvianVisitors/iberia-illustrations/avian/assets/illustrations
psittacus-erithacus	gb-eng	https://raw.githubusercontent.com/lloydalexporter/AvianAssets_GB-ENG/main/illustrations
psophodes-olivaceus	canberra-act	https://raw.githubusercontent.com/opurtell/AvianVisitorsACT/main/avian/assets/illustrations
pterocles-alchata	iberia	https://raw.githubusercontent.com/RoqueAlonso/AvianVisitors/iberia-illustrations/avian/assets/illustrations
pterocles-orientalis	iberia	https://raw.githubusercontent.com/RoqueAlonso/AvianVisitors/iberia-illustrations/avian/assets/illustrations
pterodroma-cervicalis	canberra-act	https://raw.githubusercontent.com/opurtell/AvianVisitorsACT/main/avian/assets/illustrations
pterodroma-cookii	canberra-act	https://raw.githubusercontent.com/opurtell/AvianVisitorsACT/main/avian/assets/illustrations
pterodroma-inexpectata	canberra-act	https://raw.githubusercontent.com/opurtell/AvianVisitorsACT/main/avian/assets/illustrations
ptilinopus-regina	canberra-act	https://raw.githubusercontent.com/opurtell/AvianVisitorsACT/main/avian/assets/illustrations
ptilonorhynchus-violaceus	canberra-act	https://raw.githubusercontent.com/opurtell/AvianVisitorsACT/main/avian/assets/illustrations
ptilotula-fusca	canberra-act	https://raw.githubusercontent.com/opurtell/AvianVisitorsACT/main/avian/assets/illustrations
ptilotula-ornata	canberra-act	https://raw.githubusercontent.com/opurtell/AvianVisitorsACT/main/avian/assets/illustrations
ptilotula-penicillata	canberra-act	https://raw.githubusercontent.com/opurtell/AvianVisitorsACT/main/avian/assets/illustrations
ptyonoprogne-rupestris	iberia	https://raw.githubusercontent.com/RoqueAlonso/AvianVisitors/iberia-illustrations/avian/assets/illustrations
puffinus-puffinus	gb-eng	https://raw.githubusercontent.com/lloydalexporter/AvianAssets_GB-ENG/main/illustrations
purnella-albifrons	canberra-act	https://raw.githubusercontent.com/opurtell/AvianVisitorsACT/main/avian/assets/illustrations
pycnonotus-jocosus	gb-eng	https://raw.githubusercontent.com/lloydalexporter/AvianAssets_GB-ENG/main/illustrations
pycnonotus-leucotis	gb-eng	https://raw.githubusercontent.com/lloydalexporter/AvianAssets_GB-ENG/main/illustrations
pycnoptilus-floccosus	canberra-act	https://raw.githubusercontent.com/opurtell/AvianVisitorsACT/main/avian/assets/illustrations
pyrocephalus-rubinus	florida	https://raw.githubusercontent.com/SupraBitKid/AvianVisitors/avian-visitors/avian/assets/illustrations
pyrrhocorax-graculus	switzerland	https://raw.githubusercontent.com/theskyisthelimit/AvianVisitors/europe-illustrations/avian/assets/illustrations
pyrrhocorax-pyrrhocorax	iberia	https://raw.githubusercontent.com/RoqueAlonso/AvianVisitors/iberia-illustrations/avian/assets/illustrations
pyrrholaemus-brunneus	canberra-act	https://raw.githubusercontent.com/opurtell/AvianVisitorsACT/main/avian/assets/illustrations
pyrrholaemus-sagittatus	canberra-act	https://raw.githubusercontent.com/opurtell/AvianVisitorsACT/main/avian/assets/illustrations
pyrrhula-pyrrhula	iberia	https://raw.githubusercontent.com/RoqueAlonso/AvianVisitors/iberia-illustrations/avian/assets/illustrations
pyrrhura-frontalis	florida	https://raw.githubusercontent.com/SupraBitKid/AvianVisitors/avian-visitors/avian/assets/illustrations
pyrrhura-molinae	iberia	https://raw.githubusercontent.com/RoqueAlonso/AvianVisitors/iberia-illustrations/avian/assets/illustrations
pyrrhura-rupicola	gb-eng	https://raw.githubusercontent.com/lloydalexporter/AvianAssets_GB-ENG/main/illustrations
quelea-quelea	gb-eng	https://raw.githubusercontent.com/lloydalexporter/AvianAssets_GB-ENG/main/illustrations
quiscalus-major	florida	https://raw.githubusercontent.com/SupraBitKid/AvianVisitors/avian-visitors/avian/assets/illustrations
radjah-radjah	florida	https://raw.githubusercontent.com/SupraBitKid/AvianVisitors/avian-visitors/avian/assets/illustrations
rallus-aquaticus	iberia	https://raw.githubusercontent.com/RoqueAlonso/AvianVisitors/iberia-illustrations/avian/assets/illustrations
rallus-crepitans	florida	https://raw.githubusercontent.com/SupraBitKid/AvianVisitors/avian-visitors/avian/assets/illustrations
rallus-elegans	florida	https://raw.githubusercontent.com/SupraBitKid/AvianVisitors/avian-visitors/avian/assets/illustrations
ramphastos-sulfuratus	florida	https://raw.githubusercontent.com/SupraBitKid/AvianVisitors/avian-visitors/avian/assets/illustrations
ramphocelus-carbo	florida	https://raw.githubusercontent.com/SupraBitKid/AvianVisitors/avian-visitors/avian/assets/illustrations
recurvirostra-avosetta	iberia	https://raw.githubusercontent.com/RoqueAlonso/AvianVisitors/iberia-illustrations/avian/assets/illustrations
regulus-ignicapilla	iberia	https://raw.githubusercontent.com/RoqueAlonso/AvianVisitors/iberia-illustrations/avian/assets/illustrations
regulus-regulus	iberia	https://raw.githubusercontent.com/RoqueAlonso/AvianVisitors/iberia-illustrations/avian/assets/illustrations
remiz-pendulinus	iberia	https://raw.githubusercontent.com/RoqueAlonso/AvianVisitors/iberia-illustrations/avian/assets/illustrations
rhea-americana	gb-eng	https://raw.githubusercontent.com/lloydalexporter/AvianAssets_GB-ENG/main/illustrations
rhipidura-albiscapa	canberra-act	https://raw.githubusercontent.com/opurtell/AvianVisitorsACT/main/avian/assets/illustrations
rhipidura-leucophrys	canberra-act	https://raw.githubusercontent.com/opurtell/AvianVisitorsACT/main/avian/assets/illustrations
rhipidura-rufifrons	canberra-act	https://raw.githubusercontent.com/opurtell/AvianVisitorsACT/main/avian/assets/illustrations
rhodospiza-obsoleta	gb-eng	https://raw.githubusercontent.com/lloydalexporter/AvianAssets_GB-ENG/main/illustrations
rhodostethia-rosea	iberia	https://raw.githubusercontent.com/RoqueAlonso/AvianVisitors/iberia-illustrations/avian/assets/illustrations
rissa-tridactyla	iberia	https://raw.githubusercontent.com/RoqueAlonso/AvianVisitors/iberia-illustrations/avian/assets/illustrations
rostrhamus-sociabilis	florida	https://raw.githubusercontent.com/SupraBitKid/AvianVisitors/avian-visitors/avian/assets/illustrations
saxicola-maurus	gb-eng	https://raw.githubusercontent.com/lloydalexporter/AvianAssets_GB-ENG/main/illustrations
saxicola-rubetra	iberia	https://raw.githubusercontent.com/RoqueAlonso/AvianVisitors/iberia-illustrations/avian/assets/illustrations
saxicola-rubicola	iberia	https://raw.githubusercontent.com/RoqueAlonso/AvianVisitors/iberia-illustrations/avian/assets/illustrations
saxicola-stejnegeri	gb-eng	https://raw.githubusercontent.com/lloydalexporter/AvianAssets_GB-ENG/main/illustrations
scolopax-minor	florida	https://raw.githubusercontent.com/SupraBitKid/AvianVisitors/avian-visitors/avian/assets/illustrations
scolopax-rusticola	iberia	https://raw.githubusercontent.com/RoqueAlonso/AvianVisitors/iberia-illustrations/avian/assets/illustrations
scythrops-novaehollandiae	canberra-act	https://raw.githubusercontent.com/opurtell/AvianVisitorsACT/main/avian/assets/illustrations
selasphorus-calliope	florida	https://raw.githubusercontent.com/SupraBitKid/AvianVisitors/avian-visitors/avian/assets/illustrations
sericornis-frontalis	canberra-act	https://raw.githubusercontent.com/opurtell/AvianVisitorsACT/main/avian/assets/illustrations
sericornis-magnirostra	canberra-act	https://raw.githubusercontent.com/opurtell/AvianVisitorsACT/main/avian/assets/illustrations
serinus-canaria	iberia	https://raw.githubusercontent.com/RoqueAlonso/AvianVisitors/iberia-illustrations/avian/assets/illustrations
serinus-pusillus	gb-eng	https://raw.githubusercontent.com/lloydalexporter/AvianAssets_GB-ENG/main/illustrations
serinus-serinus	iberia	https://raw.githubusercontent.com/RoqueAlonso/AvianVisitors/iberia-illustrations/avian/assets/illustrations
setophaga-aestiva	florida	https://raw.githubusercontent.com/SupraBitKid/AvianVisitors/avian-visitors/avian/assets/illustrations
setophaga-chrysoparia	florida	https://raw.githubusercontent.com/SupraBitKid/AvianVisitors/avian-visitors/avian/assets/illustrations
setophaga-citrina	florida	https://raw.githubusercontent.com/SupraBitKid/AvianVisitors/avian-visitors/avian/assets/illustrations
setophaga-discolor	florida	https://raw.githubusercontent.com/SupraBitKid/AvianVisitors/avian-visitors/avian/assets/illustrations
setophaga-dominica	florida	https://raw.githubusercontent.com/SupraBitKid/AvianVisitors/avian-visitors/avian/assets/illustrations
setophaga-kirtlandii	florida	https://raw.githubusercontent.com/SupraBitKid/AvianVisitors/avian-visitors/avian/assets/illustrations
setophaga-magnolia 2	gb-eng	https://raw.githubusercontent.com/lloydalexporter/AvianAssets_GB-ENG/main/illustrations
sicalis-flaveola	gb-eng	https://raw.githubusercontent.com/lloydalexporter/AvianAssets_GB-ENG/main/illustrations
sitta-europaea	iberia	https://raw.githubusercontent.com/RoqueAlonso/AvianVisitors/iberia-illustrations/avian/assets/illustrations
sitta-pusilla	florida	https://raw.githubusercontent.com/SupraBitKid/AvianVisitors/avian-visitors/avian/assets/illustrations
smicrornis-brevirostris	canberra-act	https://raw.githubusercontent.com/opurtell/AvianVisitorsACT/main/avian/assets/illustrations
somateria-mollissima	gb-eng	https://raw.githubusercontent.com/lloydalexporter/AvianAssets_GB-ENG/main/illustrations
somateria-spectabilis	gb-eng	https://raw.githubusercontent.com/lloydalexporter/AvianAssets_GB-ENG/main/illustrations
spatula-cyanoptera	iberia	https://raw.githubusercontent.com/RoqueAlonso/AvianVisitors/iberia-illustrations/avian/assets/illustrations
spatula-platalea	gb-eng	https://raw.githubusercontent.com/lloydalexporter/AvianAssets_GB-ENG/main/illustrations
spatula-puna	gb-eng	https://raw.githubusercontent.com/lloydalexporter/AvianAssets_GB-ENG/main/illustrations
spatula-querquedula	iberia	https://raw.githubusercontent.com/RoqueAlonso/AvianVisitors/iberia-illustrations/avian/assets/illustrations
spectrogram	iberia	https://raw.githubusercontent.com/RoqueAlonso/AvianVisitors/iberia-illustrations/avian/assets/illustrations
spermestes-cucullata	florida	https://raw.githubusercontent.com/SupraBitKid/AvianVisitors/avian-visitors/avian/assets/illustrations
sphecotheres-vieilloti	canberra-act	https://raw.githubusercontent.com/opurtell/AvianVisitorsACT/main/avian/assets/illustrations
spindalis-zena	florida	https://raw.githubusercontent.com/SupraBitKid/AvianVisitors/avian-visitors/avian/assets/illustrations
spinus-magellanicus	switzerland	https://raw.githubusercontent.com/theskyisthelimit/AvianVisitors/europe-illustrations/avian/assets/illustrations
spinus-spinus	iberia	https://raw.githubusercontent.com/RoqueAlonso/AvianVisitors/iberia-illustrations/avian/assets/illustrations
stagonopleura-bella	canberra-act	https://raw.githubusercontent.com/opurtell/AvianVisitorsACT/main/avian/assets/illustrations
stercorarius-antarcticus	canberra-act	https://raw.githubusercontent.com/opurtell/AvianVisitorsACT/main/avian/assets/illustrations
stercorarius-longicaudus	gb-eng	https://raw.githubusercontent.com/lloydalexporter/AvianAssets_GB-ENG/main/illustrations
stercorarius-maccormicki	gb-eng	https://raw.githubusercontent.com/lloydalexporter/AvianAssets_GB-ENG/main/illustrations
stercorarius-parasiticus	iberia	https://raw.githubusercontent.com/RoqueAlonso/AvianVisitors/iberia-illustrations/avian/assets/illustrations
stercorarius-pomarinus	gb-eng	https://raw.githubusercontent.com/lloydalexporter/AvianAssets_GB-ENG/main/illustrations
stercorarius-skua	gb-eng	https://raw.githubusercontent.com/lloydalexporter/AvianAssets_GB-ENG/main/illustrations
sterna-dougallii	gb-eng	https://raw.githubusercontent.com/lloydalexporter/AvianAssets_GB-ENG/main/illustrations
sterna-paradisaea	gb-eng	https://raw.githubusercontent.com/lloydalexporter/AvianAssets_GB-ENG/main/illustrations
sterna-striata	canberra-act	https://raw.githubusercontent.com/opurtell/AvianVisitorsACT/main/avian/assets/illustrations
sterna-vittata	canberra-act	https://raw.githubusercontent.com/opurtell/AvianVisitorsACT/main/avian/assets/illustrations
sternula-albifrons	iberia	https://raw.githubusercontent.com/RoqueAlonso/AvianVisitors/iberia-illustrations/avian/assets/illustrations
sternula-antillarum	gb-eng	https://raw.githubusercontent.com/lloydalexporter/AvianAssets_GB-ENG/main/illustrations
stipiturus-malachurus	canberra-act	https://raw.githubusercontent.com/opurtell/AvianVisitorsACT/main/avian/assets/illustrations
stizoptera-bichenovii	canberra-act	https://raw.githubusercontent.com/opurtell/AvianVisitorsACT/main/avian/assets/illustrations
strepera-graculina	canberra-act	https://raw.githubusercontent.com/opurtell/AvianVisitorsACT/main/avian/assets/illustrations
strepera-versicolor	canberra-act	https://raw.githubusercontent.com/opurtell/AvianVisitorsACT/main/avian/assets/illustrations
streptopelia-chinensis	canberra-act	https://raw.githubusercontent.com/opurtell/AvianVisitorsACT/main/avian/assets/illustrations
streptopelia-orientalis	gb-eng	https://raw.githubusercontent.com/lloydalexporter/AvianAssets_GB-ENG/main/illustrations
streptopelia-roseogrisea	gb-eng	https://raw.githubusercontent.com/lloydalexporter/AvianAssets_GB-ENG/main/illustrations
streptopelia-turtur	iberia	https://raw.githubusercontent.com/RoqueAlonso/AvianVisitors/iberia-illustrations/avian/assets/illustrations
streptoprocne-zonaris	florida	https://raw.githubusercontent.com/SupraBitKid/AvianVisitors/avian-visitors/avian/assets/illustrations
strix-aluco	iberia	https://raw.githubusercontent.com/RoqueAlonso/AvianVisitors/iberia-illustrations/avian/assets/illustrations
struthidea-cinerea	canberra-act	https://raw.githubusercontent.com/opurtell/AvianVisitorsACT/main/avian/assets/illustrations
sturnus-unicolor	iberia	https://raw.githubusercontent.com/RoqueAlonso/AvianVisitors/iberia-illustrations/avian/assets/illustrations
sugomel-nigrum	canberra-act	https://raw.githubusercontent.com/opurtell/AvianVisitorsACT/main/avian/assets/illustrations
sula-dactylatra	florida	https://raw.githubusercontent.com/SupraBitKid/AvianVisitors/avian-visitors/avian/assets/illustrations
sula-leucogaster	gb-eng	https://raw.githubusercontent.com/lloydalexporter/AvianAssets_GB-ENG/main/illustrations
sula-sula	gb-eng	https://raw.githubusercontent.com/lloydalexporter/AvianAssets_GB-ENG/main/illustrations
sylvia-atricapilla	iberia	https://raw.githubusercontent.com/RoqueAlonso/AvianVisitors/iberia-illustrations/avian/assets/illustrations
sylvia-borin	iberia	https://raw.githubusercontent.com/RoqueAlonso/AvianVisitors/iberia-illustrations/avian/assets/illustrations
symposiachrus-trivirgatus	canberra-act	https://raw.githubusercontent.com/opurtell/AvianVisitorsACT/main/avian/assets/illustrations
synoicus-chinensis	canberra-act	https://raw.githubusercontent.com/opurtell/AvianVisitorsACT/main/avian/assets/illustrations
synoicus-ypsilophorus	canberra-act	https://raw.githubusercontent.com/opurtell/AvianVisitorsACT/main/avian/assets/illustrations
syrrhaptes-paradoxus	gb-eng	https://raw.githubusercontent.com/lloydalexporter/AvianAssets_GB-ENG/main/illustrations
tachornis-phoenicobia	florida	https://raw.githubusercontent.com/SupraBitKid/AvianVisitors/avian-visitors/avian/assets/illustrations
tachybaptus-dominicus	florida	https://raw.githubusercontent.com/SupraBitKid/AvianVisitors/avian-visitors/avian/assets/illustrations
tachybaptus-novaehollandiae	canberra-act	https://raw.githubusercontent.com/opurtell/AvianVisitorsACT/main/avian/assets/illustrations
tachybaptus-ruficollis	iberia	https://raw.githubusercontent.com/RoqueAlonso/AvianVisitors/iberia-illustrations/avian/assets/illustrations
tachycineta-albilinea	florida	https://raw.githubusercontent.com/SupraBitKid/AvianVisitors/avian-visitors/avian/assets/illustrations
tadorna-cana	iberia	https://raw.githubusercontent.com/RoqueAlonso/AvianVisitors/iberia-illustrations/avian/assets/illustrations
tadorna-ferruginea	iberia	https://raw.githubusercontent.com/RoqueAlonso/AvianVisitors/iberia-illustrations/avian/assets/illustrations
tadorna-tadorna	iberia	https://raw.githubusercontent.com/RoqueAlonso/AvianVisitors/iberia-illustrations/avian/assets/illustrations
tadorna-tadornoides	gb-eng	https://raw.githubusercontent.com/lloydalexporter/AvianAssets_GB-ENG/main/illustrations
tadorna-variegata	gb-eng	https://raw.githubusercontent.com/lloydalexporter/AvianAssets_GB-ENG/main/illustrations
taeniopygia-guttata	iberia	https://raw.githubusercontent.com/RoqueAlonso/AvianVisitors/iberia-illustrations/avian/assets/illustrations
tangara-chilensis	florida	https://raw.githubusercontent.com/SupraBitKid/AvianVisitors/avian-visitors/avian/assets/illustrations
tarsiger-cyanurus	iberia	https://raw.githubusercontent.com/RoqueAlonso/AvianVisitors/iberia-illustrations/avian/assets/illustrations
tauraco-fischeri	gb-eng	https://raw.githubusercontent.com/lloydalexporter/AvianAssets_GB-ENG/main/illustrations
tetrao-urogallus	switzerland	https://raw.githubusercontent.com/theskyisthelimit/AvianVisitors/europe-illustrations/avian/assets/illustrations
tetrastes-bonasia	switzerland	https://raw.githubusercontent.com/theskyisthelimit/AvianVisitors/europe-illustrations/avian/assets/illustrations
tetrax-tetrax	iberia	https://raw.githubusercontent.com/RoqueAlonso/AvianVisitors/iberia-illustrations/avian/assets/illustrations
thalassarche-melanophris	gb-eng	https://raw.githubusercontent.com/lloydalexporter/AvianAssets_GB-ENG/main/illustrations
thalasseus-bengalensis	iberia	https://raw.githubusercontent.com/RoqueAlonso/AvianVisitors/iberia-illustrations/avian/assets/illustrations
thalasseus-bergii	canberra-act	https://raw.githubusercontent.com/opurtell/AvianVisitorsACT/main/avian/assets/illustrations
thalasseus-maximus	gb-eng	https://raw.githubusercontent.com/lloydalexporter/AvianAssets_GB-ENG/main/illustrations
thalasseus-sandvicensis	iberia	https://raw.githubusercontent.com/RoqueAlonso/AvianVisitors/iberia-illustrations/avian/assets/illustrations
thectocercus-acuticaudatus	iberia	https://raw.githubusercontent.com/RoqueAlonso/AvianVisitors/iberia-illustrations/avian/assets/illustrations
theristicus-melanopis	gb-eng	https://raw.githubusercontent.com/lloydalexporter/AvianAssets_GB-ENG/main/illustrations
thraupis-episcopus	florida	https://raw.githubusercontent.com/SupraBitKid/AvianVisitors/avian-visitors/avian/assets/illustrations
threskiornis-molucca	canberra-act	https://raw.githubusercontent.com/opurtell/AvianVisitorsACT/main/avian/assets/illustrations
thumb	iberia	https://raw.githubusercontent.com/RoqueAlonso/AvianVisitors/iberia-illustrations/avian/assets/illustrations
tiaris-olivaceus	florida	https://raw.githubusercontent.com/SupraBitKid/AvianVisitors/avian-visitors/avian/assets/illustrations
tichodroma-muraria	iberia	https://raw.githubusercontent.com/RoqueAlonso/AvianVisitors/iberia-illustrations/avian/assets/illustrations
tockus-erythrorhynchus	florida	https://raw.githubusercontent.com/SupraBitKid/AvianVisitors/avian-visitors/avian/assets/illustrations
todiramphus-macleayii	canberra-act	https://raw.githubusercontent.com/opurtell/AvianVisitorsACT/main/avian/assets/illustrations
todiramphus-sanctus	canberra-act	https://raw.githubusercontent.com/opurtell/AvianVisitorsACT/main/avian/assets/illustrations
toxostoma-curvirostre	florida	https://raw.githubusercontent.com/SupraBitKid/AvianVisitors/avian-visitors/avian/assets/illustrations
tribonyx-ventralis	canberra-act	https://raw.githubusercontent.com/opurtell/AvianVisitorsACT/main/avian/assets/illustrations
trichoglossus-chlorolepidotus	canberra-act	https://raw.githubusercontent.com/opurtell/AvianVisitorsACT/main/avian/assets/illustrations
trichoglossus-haematodus	switzerland	https://raw.githubusercontent.com/theskyisthelimit/AvianVisitors/europe-illustrations/avian/assets/illustrations
trichoglossus-moluccanus	gb-eng	https://raw.githubusercontent.com/lloydalexporter/AvianAssets_GB-ENG/main/illustrations
tringa-brevipes	florida	https://raw.githubusercontent.com/SupraBitKid/AvianVisitors/avian-visitors/avian/assets/illustrations
tringa-erythropus	iberia	https://raw.githubusercontent.com/RoqueAlonso/AvianVisitors/iberia-illustrations/avian/assets/illustrations
tringa-glareola	iberia	https://raw.githubusercontent.com/RoqueAlonso/AvianVisitors/iberia-illustrations/avian/assets/illustrations
tringa-incana	canberra-act	https://raw.githubusercontent.com/opurtell/AvianVisitorsACT/main/avian/assets/illustrations
tringa-nebularia	iberia	https://raw.githubusercontent.com/RoqueAlonso/AvianVisitors/iberia-illustrations/avian/assets/illustrations
tringa-ochropus	iberia	https://raw.githubusercontent.com/RoqueAlonso/AvianVisitors/iberia-illustrations/avian/assets/illustrations
tringa-stagnatilis	iberia	https://raw.githubusercontent.com/RoqueAlonso/AvianVisitors/iberia-illustrations/avian/assets/illustrations
tringa-totanus	iberia	https://raw.githubusercontent.com/RoqueAlonso/AvianVisitors/iberia-illustrations/avian/assets/illustrations
trochalopteron-elliotii	gb-eng	https://raw.githubusercontent.com/lloydalexporter/AvianAssets_GB-ENG/main/illustrations
troglodytes-troglodytes	iberia	https://raw.githubusercontent.com/RoqueAlonso/AvianVisitors/iberia-illustrations/avian/assets/illustrations
turdus-atrogularis	gb-eng	https://raw.githubusercontent.com/lloydalexporter/AvianAssets_GB-ENG/main/illustrations
turdus-dissimilis	gb-eng	https://raw.githubusercontent.com/lloydalexporter/AvianAssets_GB-ENG/main/illustrations
turdus-eunomus	gb-eng	https://raw.githubusercontent.com/lloydalexporter/AvianAssets_GB-ENG/main/illustrations
turdus-iliacus	iberia	https://raw.githubusercontent.com/RoqueAlonso/AvianVisitors/iberia-illustrations/avian/assets/illustrations
turdus-merula	iberia	https://raw.githubusercontent.com/RoqueAlonso/AvianVisitors/iberia-illustrations/avian/assets/illustrations
turdus-naumanni	gb-eng	https://raw.githubusercontent.com/lloydalexporter/AvianAssets_GB-ENG/main/illustrations
turdus-obscurus	gb-eng	https://raw.githubusercontent.com/lloydalexporter/AvianAssets_GB-ENG/main/illustrations
turdus-philomelos	iberia	https://raw.githubusercontent.com/RoqueAlonso/AvianVisitors/iberia-illustrations/avian/assets/illustrations
turdus-pilaris	iberia	https://raw.githubusercontent.com/RoqueAlonso/AvianVisitors/iberia-illustrations/avian/assets/illustrations
turdus-plumbeus	florida	https://raw.githubusercontent.com/SupraBitKid/AvianVisitors/avian-visitors/avian/assets/illustrations
turdus-ruficollis	gb-eng	https://raw.githubusercontent.com/lloydalexporter/AvianAssets_GB-ENG/main/illustrations
turdus-torquatus	iberia	https://raw.githubusercontent.com/RoqueAlonso/AvianVisitors/iberia-illustrations/avian/assets/illustrations
turdus-viscivorus	iberia	https://raw.githubusercontent.com/RoqueAlonso/AvianVisitors/iberia-illustrations/avian/assets/illustrations
turnix-varius	canberra-act	https://raw.githubusercontent.com/opurtell/AvianVisitorsACT/main/avian/assets/illustrations
tyrannus-caudifasciatus	florida	https://raw.githubusercontent.com/SupraBitKid/AvianVisitors/avian-visitors/avian/assets/illustrations
tyrannus-couchii	florida	https://raw.githubusercontent.com/SupraBitKid/AvianVisitors/avian-visitors/avian/assets/illustrations
tyrannus-dominicensis	florida	https://raw.githubusercontent.com/SupraBitKid/AvianVisitors/avian-visitors/avian/assets/illustrations
tyrannus-forficatus	florida	https://raw.githubusercontent.com/SupraBitKid/AvianVisitors/avian-visitors/avian/assets/illustrations
tyrannus-melancholicus	florida	https://raw.githubusercontent.com/SupraBitKid/AvianVisitors/avian-visitors/avian/assets/illustrations
tyrannus-savana	florida	https://raw.githubusercontent.com/SupraBitKid/AvianVisitors/avian-visitors/avian/assets/illustrations
tyto-furcata	florida	https://raw.githubusercontent.com/SupraBitKid/AvianVisitors/avian-visitors/avian/assets/illustrations
tyto-novaehollandiae	canberra-act	https://raw.githubusercontent.com/opurtell/AvianVisitorsACT/main/avian/assets/illustrations
tyto-tenebricosa	canberra-act	https://raw.githubusercontent.com/opurtell/AvianVisitorsACT/main/avian/assets/illustrations
upupa-epops	iberia	https://raw.githubusercontent.com/RoqueAlonso/AvianVisitors/iberia-illustrations/avian/assets/illustrations
uraeginthus-angolensis	florida	https://raw.githubusercontent.com/SupraBitKid/AvianVisitors/avian-visitors/avian/assets/illustrations
uraeginthus-bengalus	gb-eng	https://raw.githubusercontent.com/lloydalexporter/AvianAssets_GB-ENG/main/illustrations
uria-aalge	gb-eng	https://raw.githubusercontent.com/lloydalexporter/AvianAssets_GB-ENG/main/illustrations
uria-lomvia	gb-eng	https://raw.githubusercontent.com/lloydalexporter/AvianAssets_GB-ENG/main/illustrations
vanellus-chilensis	florida	https://raw.githubusercontent.com/SupraBitKid/AvianVisitors/avian-visitors/avian/assets/illustrations
vanellus-cinereus	gb-eng	https://raw.githubusercontent.com/lloydalexporter/AvianAssets_GB-ENG/main/illustrations
vanellus-leucurus	gb-eng	https://raw.githubusercontent.com/lloydalexporter/AvianAssets_GB-ENG/main/illustrations
vanellus-miles	canberra-act	https://raw.githubusercontent.com/opurtell/AvianVisitorsACT/main/avian/assets/illustrations
vanellus-spinosus	iberia	https://raw.githubusercontent.com/RoqueAlonso/AvianVisitors/iberia-illustrations/avian/assets/illustrations
vanellus-tricolor	canberra-act	https://raw.githubusercontent.com/opurtell/AvianVisitorsACT/main/avian/assets/illustrations
vanellus-vanellus	iberia	https://raw.githubusercontent.com/RoqueAlonso/AvianVisitors/iberia-illustrations/avian/assets/illustrations
vermivora-chrysoptera	gb-eng	https://raw.githubusercontent.com/lloydalexporter/AvianAssets_GB-ENG/main/illustrations
vermivora-cyanoptera	florida	https://raw.githubusercontent.com/SupraBitKid/AvianVisitors/avian-visitors/avian/assets/illustrations
vidua-chalybeata	florida	https://raw.githubusercontent.com/SupraBitKid/AvianVisitors/avian-visitors/avian/assets/illustrations
vidua-macroura	gb-eng	https://raw.githubusercontent.com/lloydalexporter/AvianAssets_GB-ENG/main/illustrations
vireo-altiloquus	florida	https://raw.githubusercontent.com/SupraBitKid/AvianVisitors/avian-visitors/avian/assets/illustrations
vireo-crassirostris	florida	https://raw.githubusercontent.com/SupraBitKid/AvianVisitors/avian-visitors/avian/assets/illustrations
vireo-flavoviridis	florida	https://raw.githubusercontent.com/SupraBitKid/AvianVisitors/avian-visitors/avian/assets/illustrations
vireo-griseus	florida	https://raw.githubusercontent.com/SupraBitKid/AvianVisitors/avian-visitors/avian/assets/illustrations
vireo-gundlachii	florida	https://raw.githubusercontent.com/SupraBitKid/AvianVisitors/avian-visitors/avian/assets/illustrations
volatinia-jacarina	florida	https://raw.githubusercontent.com/SupraBitKid/AvianVisitors/avian-visitors/avian/assets/illustrations
wiki	iberia	https://raw.githubusercontent.com/RoqueAlonso/AvianVisitors/iberia-illustrations/avian/assets/illustrations
xema-sabini	iberia	https://raw.githubusercontent.com/RoqueAlonso/AvianVisitors/iberia-illustrations/avian/assets/illustrations
xenus-cinereus	iberia	https://raw.githubusercontent.com/RoqueAlonso/AvianVisitors/iberia-illustrations/avian/assets/illustrations
zapornia-flavirostra	gb-eng	https://raw.githubusercontent.com/lloydalexporter/AvianAssets_GB-ENG/main/illustrations
zapornia-parva	iberia	https://raw.githubusercontent.com/RoqueAlonso/AvianVisitors/iberia-illustrations/avian/assets/illustrations
zapornia-pusilla	iberia	https://raw.githubusercontent.com/RoqueAlonso/AvianVisitors/iberia-illustrations/avian/assets/illustrations
zapornia-tabuensis	canberra-act	https://raw.githubusercontent.com/opurtell/AvianVisitorsACT/main/avian/assets/illustrations
zenaida-aurita	florida	https://raw.githubusercontent.com/SupraBitKid/AvianVisitors/avian-visitors/avian/assets/illustrations
zonotrichia-capensis	gb-eng	https://raw.githubusercontent.com/lloydalexporter/AvianAssets_GB-ENG/main/illustrations
zoothera-aurea	gb-eng	https://raw.githubusercontent.com/lloydalexporter/AvianAssets_GB-ENG/main/illustrations
zoothera-lunulata	canberra-act	https://raw.githubusercontent.com/opurtell/AvianVisitorsACT/main/avian/assets/illustrations
zosterops-lateralis	gb-eng	https://raw.githubusercontent.com/lloydalexporter/AvianAssets_GB-ENG/main/illustrations
zosterops-palpebrosus	gb-eng	https://raw.githubusercontent.com/lloydalexporter/AvianAssets_GB-ENG/main/illustrations
